camera,frame,id,class_name,confidence,x_center,y_center
CAMERA_DEBUT_COULOIR_DROIT.mp4,18,8,person,0.33,391.0948,641.14514
CAMERA_DEBUT_COULOIR_DROIT.mp4,19,8,person,0.35,391.15842,641.22974
CAMERA_DEBUT_COULOIR_DROIT.mp4,20,8,person,0.34,391.19363,641.3176
CAMERA_DEBUT_COULOIR_DROIT.mp4,21,8,person,0.31,391.25305,641.6123
CAMERA_DEBUT_COULOIR_DROIT.mp4,22,8,person,0.33,391.31586,641.74695
CAMERA_DEBUT_COULOIR_DROIT.mp4,23,8,person,0.36,391.3572,641.74817
CAMERA_DEBUT_COULOIR_DROIT.mp4,24,8,person,0.42,391.28082,641.4998
CAMERA_DEBUT_COULOIR_DROIT.mp4,25,8,person,0.47,391.21063,641.60114
CAMERA_DEBUT_COULOIR_DROIT.mp4,26,8,person,0.46,391.1741,641.9315
CAMERA_DEBUT_COULOIR_DROIT.mp4,27,8,person,0.46,390.93378,642.3319
CAMERA_DEBUT_COULOIR_DROIT.mp4,28,8,person,0.46,391.02057,642.15796
CAMERA_DEBUT_COULOIR_DROIT.mp4,29,8,person,0.46,391.03607,642.02136
CAMERA_DEBUT_COULOIR_DROIT.mp4,30,8,person,0.48,390.98785,641.8688
CAMERA_DEBUT_COULOIR_DROIT.mp4,30,23,person,0.31,369.53183,642.9844
CAMERA_DEBUT_COULOIR_DROIT.mp4,31,8,person,0.48,390.95828,641.7837
CAMERA_DEBUT_COULOIR_DROIT.mp4,31,23,person,0.32,369.3777,642.95886
CAMERA_DEBUT_COULOIR_DROIT.mp4,32,8,person,0.48,390.8877,641.8154
CAMERA_DEBUT_COULOIR_DROIT.mp4,32,23,person,0.33,369.25092,643.03577
CAMERA_DEBUT_COULOIR_DROIT.mp4,33,8,person,0.47,390.83698,641.8441
CAMERA_DEBUT_COULOIR_DROIT.mp4,33,23,person,0.31,369.21805,643.056
CAMERA_DEBUT_COULOIR_DROIT.mp4,34,8,person,0.45,390.83356,641.90894
CAMERA_DEBUT_COULOIR_DROIT.mp4,34,23,person,0.33,368.47638,643.67114
CAMERA_DEBUT_COULOIR_DROIT.mp4,35,8,person,0.46,390.8865,641.97656
CAMERA_DEBUT_COULOIR_DROIT.mp4,35,23,person,0.34,368.13406,643.85675
CAMERA_DEBUT_COULOIR_DROIT.mp4,36,8,person,0.48,390.71857,642.1637
CAMERA_DEBUT_COULOIR_DROIT.mp4,36,23,person,0.34,368.01373,643.87634
CAMERA_DEBUT_COULOIR_DROIT.mp4,36,30,person,0.31,344.0727,641.66785
CAMERA_DEBUT_COULOIR_DROIT.mp4,37,8,person,0.43,390.68018,642.2003
CAMERA_DEBUT_COULOIR_DROIT.mp4,37,23,person,0.31,368.0677,643.91736
CAMERA_DEBUT_COULOIR_DROIT.mp4,37,30,person,0.32,344.16754,641.7628
CAMERA_DEBUT_COULOIR_DROIT.mp4,38,8,person,0.41,390.6161,642.2394
CAMERA_DEBUT_COULOIR_DROIT.mp4,38,23,person,0.31,367.98285,643.93274
CAMERA_DEBUT_COULOIR_DROIT.mp4,38,30,person,0.32,343.9193,641.79443
CAMERA_DEBUT_COULOIR_DROIT.mp4,39,8,person,0.51,390.56924,642.2391
CAMERA_DEBUT_COULOIR_DROIT.mp4,39,23,person,0.34,367.613,643.92456
CAMERA_DEBUT_COULOIR_DROIT.mp4,39,30,person,0.35,343.84418,641.7565
CAMERA_DEBUT_COULOIR_DROIT.mp4,40,8,person,0.45,390.6631,641.93823
CAMERA_DEBUT_COULOIR_DROIT.mp4,40,23,person,0.32,367.66638,643.8916
CAMERA_DEBUT_COULOIR_DROIT.mp4,40,30,person,0.31,343.83084,641.51483
CAMERA_DEBUT_COULOIR_DROIT.mp4,41,8,person,0.47,390.88165,641.848
CAMERA_DEBUT_COULOIR_DROIT.mp4,41,23,person,0.29,367.54266,643.7492
CAMERA_DEBUT_COULOIR_DROIT.mp4,41,30,person,0.3,343.82373,641.45526
CAMERA_DEBUT_COULOIR_DROIT.mp4,42,8,person,0.49,390.85645,642.07434
CAMERA_DEBUT_COULOIR_DROIT.mp4,42,23,person,0.29,367.4146,643.77734
CAMERA_DEBUT_COULOIR_DROIT.mp4,42,30,person,0.3,343.84888,641.4579
CAMERA_DEBUT_COULOIR_DROIT.mp4,43,8,person,0.59,390.73444,642.1939
CAMERA_DEBUT_COULOIR_DROIT.mp4,43,23,person,0.45,366.9662,643.9427
CAMERA_DEBUT_COULOIR_DROIT.mp4,43,30,person,0.38,343.7373,641.4835
CAMERA_DEBUT_COULOIR_DROIT.mp4,44,8,person,0.56,390.72375,642.1903
CAMERA_DEBUT_COULOIR_DROIT.mp4,44,23,person,0.4,366.6518,643.93286
CAMERA_DEBUT_COULOIR_DROIT.mp4,44,30,person,0.33,343.7014,641.5991
CAMERA_DEBUT_COULOIR_DROIT.mp4,45,8,person,0.52,390.91992,642.4355
CAMERA_DEBUT_COULOIR_DROIT.mp4,45,23,person,0.33,366.71698,643.8125
CAMERA_DEBUT_COULOIR_DROIT.mp4,45,30,person,0.31,343.68927,641.47925
CAMERA_DEBUT_COULOIR_DROIT.mp4,46,8,person,0.59,391.02673,642.3391
CAMERA_DEBUT_COULOIR_DROIT.mp4,46,23,person,0.35,366.82803,643.82
CAMERA_DEBUT_COULOIR_DROIT.mp4,46,30,person,0.3,343.7094,641.41156
CAMERA_DEBUT_COULOIR_DROIT.mp4,47,8,person,0.57,391.26245,641.80994
CAMERA_DEBUT_COULOIR_DROIT.mp4,47,23,person,0.4,367.157,643.70374
CAMERA_DEBUT_COULOIR_DROIT.mp4,47,30,person,0.32,343.75708,641.1011
CAMERA_DEBUT_COULOIR_DROIT.mp4,48,8,person,0.55,391.52747,641.8729
CAMERA_DEBUT_COULOIR_DROIT.mp4,48,23,person,0.42,367.51123,643.7573
CAMERA_DEBUT_COULOIR_DROIT.mp4,48,30,person,0.32,343.7304,641.0819
CAMERA_DEBUT_COULOIR_DROIT.mp4,49,8,person,0.57,391.4759,642.1855
CAMERA_DEBUT_COULOIR_DROIT.mp4,49,23,person,0.45,367.39224,643.8366
CAMERA_DEBUT_COULOIR_DROIT.mp4,49,30,person,0.34,343.66455,641.14294
CAMERA_DEBUT_COULOIR_DROIT.mp4,50,8,person,0.49,391.4241,642.06287
CAMERA_DEBUT_COULOIR_DROIT.mp4,50,23,person,0.42,367.1454,643.76636
CAMERA_DEBUT_COULOIR_DROIT.mp4,50,30,person,0.31,343.6062,641.0759
CAMERA_DEBUT_COULOIR_DROIT.mp4,51,8,person,0.4,391.46674,642.3143
CAMERA_DEBUT_COULOIR_DROIT.mp4,51,23,person,0.34,367.07895,643.9946
CAMERA_DEBUT_COULOIR_DROIT.mp4,51,30,person,0.27,343.55328,641.1094
CAMERA_DEBUT_COULOIR_DROIT.mp4,52,8,person,0.41,391.58698,642.2173
CAMERA_DEBUT_COULOIR_DROIT.mp4,52,23,person,0.35,367.17484,644.00146
CAMERA_DEBUT_COULOIR_DROIT.mp4,52,30,person,0.27,343.7561,640.94556
CAMERA_DEBUT_COULOIR_DROIT.mp4,53,8,person,0.42,391.78992,641.9695
CAMERA_DEBUT_COULOIR_DROIT.mp4,53,23,person,0.36,367.16104,643.99335
CAMERA_DEBUT_COULOIR_DROIT.mp4,54,8,person,0.41,391.85474,641.93976
CAMERA_DEBUT_COULOIR_DROIT.mp4,54,23,person,0.35,367.1385,643.8755
CAMERA_DEBUT_COULOIR_DROIT.mp4,55,8,person,0.47,391.82993,641.92395
CAMERA_DEBUT_COULOIR_DROIT.mp4,55,23,person,0.4,367.14722,643.7355
CAMERA_DEBUT_COULOIR_DROIT.mp4,55,30,person,0.26,343.6015,640.64343
CAMERA_DEBUT_COULOIR_DROIT.mp4,56,8,person,0.54,391.63394,641.57904
CAMERA_DEBUT_COULOIR_DROIT.mp4,56,23,person,0.45,366.9355,643.75476
CAMERA_DEBUT_COULOIR_DROIT.mp4,56,30,person,0.27,343.51068,640.7743
CAMERA_DEBUT_COULOIR_DROIT.mp4,57,8,person,0.55,391.53934,641.3388
CAMERA_DEBUT_COULOIR_DROIT.mp4,57,23,person,0.44,367.06213,643.6532
CAMERA_DEBUT_COULOIR_DROIT.mp4,58,8,person,0.59,391.45023,641.27856
CAMERA_DEBUT_COULOIR_DROIT.mp4,58,23,person,0.47,367.10846,643.47595
CAMERA_DEBUT_COULOIR_DROIT.mp4,58,30,person,0.26,343.6092,640.49396
CAMERA_DEBUT_COULOIR_DROIT.mp4,59,8,person,0.54,391.49805,641.1814
CAMERA_DEBUT_COULOIR_DROIT.mp4,59,23,person,0.41,367.17944,643.27686
CAMERA_DEBUT_COULOIR_DROIT.mp4,60,8,person,0.57,391.5202,641.1511
CAMERA_DEBUT_COULOIR_DROIT.mp4,60,23,person,0.4,368.3703,642.59357
CAMERA_DEBUT_COULOIR_DROIT.mp4,60,30,person,0.27,343.9004,640.1445
CAMERA_DEBUT_COULOIR_DROIT.mp4,61,8,person,0.54,391.54767,641.0409
CAMERA_DEBUT_COULOIR_DROIT.mp4,61,23,person,0.38,368.8655,642.1836
CAMERA_DEBUT_COULOIR_DROIT.mp4,62,8,person,0.57,391.49503,640.9275
CAMERA_DEBUT_COULOIR_DROIT.mp4,62,23,person,0.4,368.89655,641.8446
CAMERA_DEBUT_COULOIR_DROIT.mp4,62,30,person,0.28,343.9375,639.88293
CAMERA_DEBUT_COULOIR_DROIT.mp4,63,8,person,0.51,391.39233,641.1382
CAMERA_DEBUT_COULOIR_DROIT.mp4,63,23,person,0.32,368.9208,641.8897
CAMERA_DEBUT_COULOIR_DROIT.mp4,64,8,person,0.55,391.14355,641.0392
CAMERA_DEBUT_COULOIR_DROIT.mp4,64,23,person,0.31,368.80014,641.95624
CAMERA_DEBUT_COULOIR_DROIT.mp4,65,8,person,0.54,390.90396,641.251
CAMERA_DEBUT_COULOIR_DROIT.mp4,65,23,person,0.29,368.44666,641.5808
CAMERA_DEBUT_COULOIR_DROIT.mp4,66,8,person,0.55,390.5725,641.49036
CAMERA_DEBUT_COULOIR_DROIT.mp4,66,23,person,0.31,367.89636,641.728
CAMERA_DEBUT_COULOIR_DROIT.mp4,67,8,person,0.54,390.39984,641.74585
CAMERA_DEBUT_COULOIR_DROIT.mp4,67,23,person,0.36,367.4698,641.7289
CAMERA_DEBUT_COULOIR_DROIT.mp4,68,8,person,0.57,389.95468,641.86975
CAMERA_DEBUT_COULOIR_DROIT.mp4,68,23,person,0.45,366.8548,641.68536
CAMERA_DEBUT_COULOIR_DROIT.mp4,68,30,person,0.27,342.02118,640.8965
CAMERA_DEBUT_COULOIR_DROIT.mp4,69,8,person,0.52,389.42694,641.9734
CAMERA_DEBUT_COULOIR_DROIT.mp4,69,23,person,0.46,366.26566,641.6826
CAMERA_DEBUT_COULOIR_DROIT.mp4,69,30,person,0.29,341.76242,640.8123
CAMERA_DEBUT_COULOIR_DROIT.mp4,70,8,person,0.43,389.11673,642.21704
CAMERA_DEBUT_COULOIR_DROIT.mp4,70,23,person,0.42,365.91565,641.4915
CAMERA_DEBUT_COULOIR_DROIT.mp4,71,8,person,0.41,388.44464,642.56287
CAMERA_DEBUT_COULOIR_DROIT.mp4,71,23,person,0.34,365.57867,641.55414
CAMERA_DEBUT_COULOIR_DROIT.mp4,72,8,person,0.39,388.1471,642.7477
CAMERA_DEBUT_COULOIR_DROIT.mp4,72,23,person,0.32,365.43762,641.6666
CAMERA_DEBUT_COULOIR_DROIT.mp4,73,8,person,0.38,387.75348,643.3094
CAMERA_DEBUT_COULOIR_DROIT.mp4,73,23,person,0.35,365.3885,641.7366
CAMERA_DEBUT_COULOIR_DROIT.mp4,74,8,person,0.46,387.2829,643.53723
CAMERA_DEBUT_COULOIR_DROIT.mp4,74,23,person,0.42,365.24066,641.7602
CAMERA_DEBUT_COULOIR_DROIT.mp4,74,30,person,0.25,341.9079,640.9866
CAMERA_DEBUT_COULOIR_DROIT.mp4,75,8,person,0.43,386.9018,643.63245
CAMERA_DEBUT_COULOIR_DROIT.mp4,75,23,person,0.37,365.11365,641.8262
CAMERA_DEBUT_COULOIR_DROIT.mp4,76,8,person,0.42,387.03302,643.8905
CAMERA_DEBUT_COULOIR_DROIT.mp4,76,23,person,0.4,365.16138,641.95465
CAMERA_DEBUT_COULOIR_DROIT.mp4,76,30,person,0.27,342.00598,640.9138
CAMERA_DEBUT_COULOIR_DROIT.mp4,77,8,person,0.52,387.11676,643.7976
CAMERA_DEBUT_COULOIR_DROIT.mp4,77,23,person,0.45,365.14935,642.16516
CAMERA_DEBUT_COULOIR_DROIT.mp4,77,30,person,0.28,342.90283,641.29266
CAMERA_DEBUT_COULOIR_DROIT.mp4,78,8,person,0.51,387.01953,643.941
CAMERA_DEBUT_COULOIR_DROIT.mp4,78,23,person,0.47,365.13776,642.3227
CAMERA_DEBUT_COULOIR_DROIT.mp4,78,30,person,0.32,342.3012,641.3242
CAMERA_DEBUT_COULOIR_DROIT.mp4,79,8,person,0.5,386.37018,643.902
CAMERA_DEBUT_COULOIR_DROIT.mp4,79,23,person,0.41,364.6886,642.11
CAMERA_DEBUT_COULOIR_DROIT.mp4,79,30,person,0.28,341.90265,641.0417
CAMERA_DEBUT_COULOIR_DROIT.mp4,80,8,person,0.5,385.7936,643.68994
CAMERA_DEBUT_COULOIR_DROIT.mp4,80,23,person,0.42,364.4827,642.00415
CAMERA_DEBUT_COULOIR_DROIT.mp4,80,30,person,0.3,341.70966,641.1536
CAMERA_DEBUT_COULOIR_DROIT.mp4,81,8,person,0.37,385.26074,643.69385
CAMERA_DEBUT_COULOIR_DROIT.mp4,81,23,person,0.36,364.48764,641.6491
CAMERA_DEBUT_COULOIR_DROIT.mp4,81,30,person,0.32,341.7158,641.3573
CAMERA_DEBUT_COULOIR_DROIT.mp4,82,8,person,0.28,386.00238,643.64276
CAMERA_DEBUT_COULOIR_DROIT.mp4,82,23,person,0.3,364.7915,641.2744
CAMERA_DEBUT_COULOIR_DROIT.mp4,82,30,person,0.3,342.04987,641.599
CAMERA_DEBUT_COULOIR_DROIT.mp4,83,8,person,0.27,386.19257,643.5281
CAMERA_DEBUT_COULOIR_DROIT.mp4,83,23,person,0.31,364.8395,641.1605
CAMERA_DEBUT_COULOIR_DROIT.mp4,83,30,person,0.29,342.15765,641.7604
CAMERA_DEBUT_COULOIR_DROIT.mp4,84,23,person,0.3,364.77142,639.7421
CAMERA_DEBUT_COULOIR_DROIT.mp4,84,30,person,0.3,342.9107,641.4662
CAMERA_DEBUT_COULOIR_DROIT.mp4,85,30,person,0.3,343.15958,641.381
CAMERA_DEBUT_COULOIR_DROIT.mp4,86,30,person,0.28,343.30725,641.40216
CAMERA_DEBUT_COULOIR_DROIT.mp4,87,30,person,0.31,342.4839,641.69403
CAMERA_DEBUT_COULOIR_DROIT.mp4,88,30,person,0.34,342.17395,641.31445
CAMERA_DEBUT_COULOIR_DROIT.mp4,89,30,person,0.31,342.18713,641.5641
CAMERA_DEBUT_COULOIR_DROIT.mp4,90,30,person,0.31,342.25262,641.7146
CAMERA_DEBUT_COULOIR_DROIT.mp4,92,30,person,0.26,342.19757,642.0759
CAMERA_DEBUT_COULOIR_DROIT.mp4,93,30,person,0.3,341.89917,642.0133
CAMERA_DEBUT_COULOIR_DROIT.mp4,94,30,person,0.27,341.71924,641.8712
CAMERA_DEBUT_COULOIR_DROIT.mp4,95,30,person,0.28,341.65552,641.91223
CAMERA_DEBUT_COULOIR_DROIT.mp4,96,30,person,0.34,341.62653,641.8551
CAMERA_DEBUT_COULOIR_DROIT.mp4,96,8,person,0.42,382.69754,645.2141
CAMERA_DEBUT_COULOIR_DROIT.mp4,96,23,person,0.28,363.62964,642.04663
CAMERA_DEBUT_COULOIR_DROIT.mp4,97,30,person,0.33,341.76343,641.7213
CAMERA_DEBUT_COULOIR_DROIT.mp4,97,8,person,0.45,382.3302,645.42444
CAMERA_DEBUT_COULOIR_DROIT.mp4,97,23,person,0.25,363.62048,642.3367
CAMERA_DEBUT_COULOIR_DROIT.mp4,98,30,person,0.33,341.86737,641.5919
CAMERA_DEBUT_COULOIR_DROIT.mp4,98,8,person,0.4,382.1432,644.8218
CAMERA_DEBUT_COULOIR_DROIT.mp4,98,23,person,0.3,363.94562,641.96924
CAMERA_DEBUT_COULOIR_DROIT.mp4,99,30,person,0.3,341.8213,641.4452
CAMERA_DEBUT_COULOIR_DROIT.mp4,99,8,person,0.35,381.96985,645.073
CAMERA_DEBUT_COULOIR_DROIT.mp4,99,23,person,0.26,363.8407,641.84076
CAMERA_DEBUT_COULOIR_DROIT.mp4,100,30,person,0.28,341.7005,641.211
CAMERA_DEBUT_COULOIR_DROIT.mp4,100,8,person,0.32,381.64996,645.3349
CAMERA_DEBUT_COULOIR_DROIT.mp4,104,30,person,0.26,341.69318,640.63354
CAMERA_DEBUT_COULOIR_DROIT.mp4,105,30,person,0.27,341.75592,641.2046
CAMERA_DEBUT_COULOIR_DROIT.mp4,107,23,person,0.27,364.73737,643.31335
CAMERA_DEBUT_COULOIR_DROIT.mp4,107,30,person,0.26,341.60223,641.3706
CAMERA_DEBUT_COULOIR_DROIT.mp4,110,8,person,0.28,375.9784,644.82837
CAMERA_DEBUT_COULOIR_DROIT.mp4,122,30,person,0.32,345.34967,640.2622
CAMERA_DEBUT_COULOIR_DROIT.mp4,123,30,person,0.37,345.34424,639.9029
CAMERA_DEBUT_COULOIR_DROIT.mp4,124,30,person,0.41,345.23492,640.1034
CAMERA_DEBUT_COULOIR_DROIT.mp4,124,42,person,0.4,378.63147,645.79926
CAMERA_DEBUT_COULOIR_DROIT.mp4,124,23,person,0.27,365.28925,644.2294
CAMERA_DEBUT_COULOIR_DROIT.mp4,125,30,person,0.41,345.07678,640.1897
CAMERA_DEBUT_COULOIR_DROIT.mp4,125,42,person,0.42,378.64142,645.16797
CAMERA_DEBUT_COULOIR_DROIT.mp4,125,23,person,0.29,365.71967,643.98474
CAMERA_DEBUT_COULOIR_DROIT.mp4,126,30,person,0.42,344.8012,640.30664
CAMERA_DEBUT_COULOIR_DROIT.mp4,126,42,person,0.41,378.00275,645.5103
CAMERA_DEBUT_COULOIR_DROIT.mp4,126,23,person,0.27,365.3969,644.27203
CAMERA_DEBUT_COULOIR_DROIT.mp4,127,30,person,0.43,345.15588,640.14075
CAMERA_DEBUT_COULOIR_DROIT.mp4,127,42,person,0.42,377.88107,645.4009
CAMERA_DEBUT_COULOIR_DROIT.mp4,127,43,person,0.49,665.103,894.7678
CAMERA_DEBUT_COULOIR_DROIT.mp4,128,30,person,0.44,345.3408,640.17944
CAMERA_DEBUT_COULOIR_DROIT.mp4,128,42,person,0.53,377.67365,645.6018
CAMERA_DEBUT_COULOIR_DROIT.mp4,128,43,person,0.57,660.75635,895.5829
CAMERA_DEBUT_COULOIR_DROIT.mp4,129,30,person,0.42,345.2004,640.3043
CAMERA_DEBUT_COULOIR_DROIT.mp4,129,42,person,0.57,377.71942,645.5181
CAMERA_DEBUT_COULOIR_DROIT.mp4,129,43,person,0.73,655.3602,897.2062
CAMERA_DEBUT_COULOIR_DROIT.mp4,130,30,person,0.43,345.27463,640.5073
CAMERA_DEBUT_COULOIR_DROIT.mp4,130,42,person,0.63,377.6374,645.4211
CAMERA_DEBUT_COULOIR_DROIT.mp4,130,43,person,0.59,648.4331,899.06635
CAMERA_DEBUT_COULOIR_DROIT.mp4,130,45,person,0.36,370.15613,645.27136
CAMERA_DEBUT_COULOIR_DROIT.mp4,131,30,person,0.42,345.1313,640.6041
CAMERA_DEBUT_COULOIR_DROIT.mp4,131,42,person,0.6,377.75537,645.3074
CAMERA_DEBUT_COULOIR_DROIT.mp4,131,43,person,0.55,644.7655,900.5286
CAMERA_DEBUT_COULOIR_DROIT.mp4,131,45,person,0.37,369.3097,645.10034
CAMERA_DEBUT_COULOIR_DROIT.mp4,132,30,person,0.39,344.97314,640.57983
CAMERA_DEBUT_COULOIR_DROIT.mp4,132,42,person,0.63,377.72058,645.29944
CAMERA_DEBUT_COULOIR_DROIT.mp4,132,43,person,0.58,650.96906,903.51355
CAMERA_DEBUT_COULOIR_DROIT.mp4,132,45,person,0.39,369.01752,645.2407
CAMERA_DEBUT_COULOIR_DROIT.mp4,132,46,person,0.54,674.7543,904.3502
CAMERA_DEBUT_COULOIR_DROIT.mp4,133,30,person,0.38,344.96033,640.72034
CAMERA_DEBUT_COULOIR_DROIT.mp4,133,42,person,0.58,377.58655,645.9558
CAMERA_DEBUT_COULOIR_DROIT.mp4,133,43,person,0.69,642.6927,906.0325
CAMERA_DEBUT_COULOIR_DROIT.mp4,133,45,person,0.39,366.1882,645.5349
CAMERA_DEBUT_COULOIR_DROIT.mp4,134,30,person,0.38,344.88,640.52295
CAMERA_DEBUT_COULOIR_DROIT.mp4,134,42,person,0.54,377.93036,645.4208
CAMERA_DEBUT_COULOIR_DROIT.mp4,134,43,person,0.55,652.20886,906.37994
CAMERA_DEBUT_COULOIR_DROIT.mp4,134,45,person,0.34,366.2312,645.70544
CAMERA_DEBUT_COULOIR_DROIT.mp4,134,46,person,0.26,679.4821,905.78796
CAMERA_DEBUT_COULOIR_DROIT.mp4,135,30,person,0.32,344.97083,640.22314
CAMERA_DEBUT_COULOIR_DROIT.mp4,135,42,person,0.46,378.03604,645.3661
CAMERA_DEBUT_COULOIR_DROIT.mp4,135,43,person,0.61,659.6101,906.36975
CAMERA_DEBUT_COULOIR_DROIT.mp4,135,45,person,0.28,365.13287,645.4051
CAMERA_DEBUT_COULOIR_DROIT.mp4,136,30,person,0.35,342.9217,640.3642
CAMERA_DEBUT_COULOIR_DROIT.mp4,136,42,person,0.46,378.1013,645.12305
CAMERA_DEBUT_COULOIR_DROIT.mp4,136,43,person,0.56,665.40063,906.2366
CAMERA_DEBUT_COULOIR_DROIT.mp4,136,45,person,0.3,364.7962,645.1598
CAMERA_DEBUT_COULOIR_DROIT.mp4,137,30,person,0.32,342.10968,640.24536
CAMERA_DEBUT_COULOIR_DROIT.mp4,137,42,person,0.45,377.86557,644.78955
CAMERA_DEBUT_COULOIR_DROIT.mp4,137,43,person,0.58,646.1832,904.0947
CAMERA_DEBUT_COULOIR_DROIT.mp4,137,45,person,0.32,364.21423,644.44324
CAMERA_DEBUT_COULOIR_DROIT.mp4,138,30,person,0.31,341.84784,640.3425
CAMERA_DEBUT_COULOIR_DROIT.mp4,138,42,person,0.42,377.77817,645.82605
CAMERA_DEBUT_COULOIR_DROIT.mp4,138,43,person,0.72,640.4273,903.9832
CAMERA_DEBUT_COULOIR_DROIT.mp4,138,45,person,0.31,364.0735,644.3082
CAMERA_DEBUT_COULOIR_DROIT.mp4,139,30,person,0.32,341.78125,640.70624
CAMERA_DEBUT_COULOIR_DROIT.mp4,139,42,person,0.47,378.011,646.1371
CAMERA_DEBUT_COULOIR_DROIT.mp4,139,43,person,0.79,635.0121,904.87335
CAMERA_DEBUT_COULOIR_DROIT.mp4,139,45,person,0.35,363.75537,644.3668
CAMERA_DEBUT_COULOIR_DROIT.mp4,140,30,person,0.31,343.1673,640.4796
CAMERA_DEBUT_COULOIR_DROIT.mp4,140,42,person,0.51,377.89026,646.17993
CAMERA_DEBUT_COULOIR_DROIT.mp4,140,43,person,0.76,641.39325,905.9393
CAMERA_DEBUT_COULOIR_DROIT.mp4,140,45,person,0.37,364.81494,644.58966
CAMERA_DEBUT_COULOIR_DROIT.mp4,141,30,person,0.3,343.97784,640.4165
CAMERA_DEBUT_COULOIR_DROIT.mp4,141,42,person,0.54,378.44464,646.0309
CAMERA_DEBUT_COULOIR_DROIT.mp4,141,43,person,0.75,641.65796,907.1544
CAMERA_DEBUT_COULOIR_DROIT.mp4,141,45,person,0.35,365.85986,644.8589
CAMERA_DEBUT_COULOIR_DROIT.mp4,142,30,person,0.32,345.0349,641.5127
CAMERA_DEBUT_COULOIR_DROIT.mp4,142,42,person,0.53,378.45184,645.95166
CAMERA_DEBUT_COULOIR_DROIT.mp4,142,43,person,0.61,641.7889,910.91327
CAMERA_DEBUT_COULOIR_DROIT.mp4,143,30,person,0.33,345.46454,641.82117
CAMERA_DEBUT_COULOIR_DROIT.mp4,143,42,person,0.53,378.10425,645.90857
CAMERA_DEBUT_COULOIR_DROIT.mp4,143,43,person,0.37,650.88367,912.3888
CAMERA_DEBUT_COULOIR_DROIT.mp4,144,30,person,0.36,345.6358,641.87115
CAMERA_DEBUT_COULOIR_DROIT.mp4,144,42,person,0.6,377.64,645.83105
CAMERA_DEBUT_COULOIR_DROIT.mp4,144,43,person,0.53,653.49097,915.0886
CAMERA_DEBUT_COULOIR_DROIT.mp4,144,54,person,0.41,657.24786,764.4523
CAMERA_DEBUT_COULOIR_DROIT.mp4,145,30,person,0.39,345.3664,642.09094
CAMERA_DEBUT_COULOIR_DROIT.mp4,145,42,person,0.64,377.22647,645.89954
CAMERA_DEBUT_COULOIR_DROIT.mp4,145,43,person,0.78,648.4205,916.22864
CAMERA_DEBUT_COULOIR_DROIT.mp4,146,30,person,0.38,345.1155,642.12195
CAMERA_DEBUT_COULOIR_DROIT.mp4,146,42,person,0.63,376.8266,646.5895
CAMERA_DEBUT_COULOIR_DROIT.mp4,146,43,person,0.74,645.994,919.20496
CAMERA_DEBUT_COULOIR_DROIT.mp4,147,30,person,0.34,345.21445,642.1113
CAMERA_DEBUT_COULOIR_DROIT.mp4,147,42,person,0.59,376.9832,647.2903
CAMERA_DEBUT_COULOIR_DROIT.mp4,147,43,person,0.57,644.4418,920.6376
CAMERA_DEBUT_COULOIR_DROIT.mp4,148,30,person,0.34,345.41333,642.17163
CAMERA_DEBUT_COULOIR_DROIT.mp4,148,42,person,0.56,377.0733,648.13477
CAMERA_DEBUT_COULOIR_DROIT.mp4,148,43,person,0.68,642.1758,923.0222
CAMERA_DEBUT_COULOIR_DROIT.mp4,149,30,person,0.33,345.4754,642.1727
CAMERA_DEBUT_COULOIR_DROIT.mp4,149,42,person,0.54,377.28186,648.46075
CAMERA_DEBUT_COULOIR_DROIT.mp4,149,43,person,0.85,640.2058,924.10974
CAMERA_DEBUT_COULOIR_DROIT.mp4,150,30,person,0.3,344.46252,642.19037
CAMERA_DEBUT_COULOIR_DROIT.mp4,150,42,person,0.54,376.9843,648.59753
CAMERA_DEBUT_COULOIR_DROIT.mp4,150,43,person,0.87,635.2984,924.9385
CAMERA_DEBUT_COULOIR_DROIT.mp4,150,58,person,0.36,341.04327,641.57385
CAMERA_DEBUT_COULOIR_DROIT.mp4,151,30,person,0.28,343.66302,641.41547
CAMERA_DEBUT_COULOIR_DROIT.mp4,151,42,person,0.43,375.67566,648.20105
CAMERA_DEBUT_COULOIR_DROIT.mp4,151,43,person,0.87,631.791,926.141
CAMERA_DEBUT_COULOIR_DROIT.mp4,152,30,person,0.27,342.3424,641.4324
CAMERA_DEBUT_COULOIR_DROIT.mp4,152,42,person,0.41,375.53992,647.9887
CAMERA_DEBUT_COULOIR_DROIT.mp4,152,43,person,0.89,628.63,928.0492
CAMERA_DEBUT_COULOIR_DROIT.mp4,153,42,person,0.26,375.5776,647.979
CAMERA_DEBUT_COULOIR_DROIT.mp4,153,43,person,0.89,623.67395,928.51624
CAMERA_DEBUT_COULOIR_DROIT.mp4,154,42,person,0.42,375.88416,648.1619
CAMERA_DEBUT_COULOIR_DROIT.mp4,154,43,person,0.9,615.4809,927.972
CAMERA_DEBUT_COULOIR_DROIT.mp4,155,42,person,0.46,376.06488,648.5984
CAMERA_DEBUT_COULOIR_DROIT.mp4,155,43,person,0.92,609.71216,927.66223
CAMERA_DEBUT_COULOIR_DROIT.mp4,155,30,person,0.3,344.23535,640.9723
CAMERA_DEBUT_COULOIR_DROIT.mp4,156,42,person,0.51,377.17352,650.34906
CAMERA_DEBUT_COULOIR_DROIT.mp4,156,43,person,0.9,606.96515,927.41895
CAMERA_DEBUT_COULOIR_DROIT.mp4,156,30,person,0.33,344.57886,640.8654
CAMERA_DEBUT_COULOIR_DROIT.mp4,156,23,person,0.35,350.70584,642.64075
CAMERA_DEBUT_COULOIR_DROIT.mp4,157,42,person,0.54,377.687,650.7819
CAMERA_DEBUT_COULOIR_DROIT.mp4,157,43,person,0.89,605.29694,925.5357
CAMERA_DEBUT_COULOIR_DROIT.mp4,157,30,person,0.35,344.7796,640.73157
CAMERA_DEBUT_COULOIR_DROIT.mp4,157,23,person,0.35,350.97083,642.3939
CAMERA_DEBUT_COULOIR_DROIT.mp4,157,45,person,0.4,366.5419,646.90344
CAMERA_DEBUT_COULOIR_DROIT.mp4,158,42,person,0.6,377.90393,651.6947
CAMERA_DEBUT_COULOIR_DROIT.mp4,158,43,person,0.88,605.8089,925.4332
CAMERA_DEBUT_COULOIR_DROIT.mp4,158,30,person,0.41,345.1272,641.3838
CAMERA_DEBUT_COULOIR_DROIT.mp4,158,23,person,0.36,350.4325,642.41144
CAMERA_DEBUT_COULOIR_DROIT.mp4,158,45,person,0.41,367.10327,646.9673
CAMERA_DEBUT_COULOIR_DROIT.mp4,159,42,person,0.62,378.06647,651.5817
CAMERA_DEBUT_COULOIR_DROIT.mp4,159,43,person,0.91,607.0843,925.22925
CAMERA_DEBUT_COULOIR_DROIT.mp4,159,30,person,0.42,345.24023,641.4823
CAMERA_DEBUT_COULOIR_DROIT.mp4,159,23,person,0.36,350.47995,642.41614
CAMERA_DEBUT_COULOIR_DROIT.mp4,159,45,person,0.43,368.7545,647.25256
CAMERA_DEBUT_COULOIR_DROIT.mp4,160,42,person,0.61,377.8522,651.2443
CAMERA_DEBUT_COULOIR_DROIT.mp4,160,43,person,0.9,608.9916,924.0644
CAMERA_DEBUT_COULOIR_DROIT.mp4,160,30,person,0.44,345.3374,641.51013
CAMERA_DEBUT_COULOIR_DROIT.mp4,160,23,person,0.38,349.85318,642.2427
CAMERA_DEBUT_COULOIR_DROIT.mp4,160,45,person,0.42,371.58246,647.5896
CAMERA_DEBUT_COULOIR_DROIT.mp4,161,42,person,0.63,377.64487,652.1692
CAMERA_DEBUT_COULOIR_DROIT.mp4,161,43,person,0.9,610.3739,923.6324
CAMERA_DEBUT_COULOIR_DROIT.mp4,161,30,person,0.41,345.12695,641.61487
CAMERA_DEBUT_COULOIR_DROIT.mp4,161,23,person,0.3,350.10535,642.0117
CAMERA_DEBUT_COULOIR_DROIT.mp4,161,45,person,0.45,372.44443,648.8297
CAMERA_DEBUT_COULOIR_DROIT.mp4,162,42,person,0.64,377.53745,652.6421
CAMERA_DEBUT_COULOIR_DROIT.mp4,162,43,person,0.92,610.1661,924.7934
CAMERA_DEBUT_COULOIR_DROIT.mp4,162,30,person,0.45,345.35477,641.4746
CAMERA_DEBUT_COULOIR_DROIT.mp4,162,23,person,0.3,350.29675,642.5369
CAMERA_DEBUT_COULOIR_DROIT.mp4,162,45,person,0.47,373.25604,649.5344
CAMERA_DEBUT_COULOIR_DROIT.mp4,163,42,person,0.65,377.623,652.7053
CAMERA_DEBUT_COULOIR_DROIT.mp4,163,43,person,0.9,608.69885,925.1794
CAMERA_DEBUT_COULOIR_DROIT.mp4,163,30,person,0.43,345.31894,641.1079
CAMERA_DEBUT_COULOIR_DROIT.mp4,163,23,person,0.32,350.51007,641.8762
CAMERA_DEBUT_COULOIR_DROIT.mp4,164,42,person,0.64,377.70486,652.7637
CAMERA_DEBUT_COULOIR_DROIT.mp4,164,43,person,0.91,605.0521,924.9254
CAMERA_DEBUT_COULOIR_DROIT.mp4,164,30,person,0.45,345.7537,640.72577
CAMERA_DEBUT_COULOIR_DROIT.mp4,164,23,person,0.36,350.48636,641.72864
CAMERA_DEBUT_COULOIR_DROIT.mp4,165,42,person,0.66,377.82593,652.3734
CAMERA_DEBUT_COULOIR_DROIT.mp4,165,43,person,0.87,595.50696,928.62427
CAMERA_DEBUT_COULOIR_DROIT.mp4,165,30,person,0.45,345.83154,640.6902
CAMERA_DEBUT_COULOIR_DROIT.mp4,165,23,person,0.35,350.40167,641.60284
CAMERA_DEBUT_COULOIR_DROIT.mp4,165,65,person,0.38,341.81543,641.24133
CAMERA_DEBUT_COULOIR_DROIT.mp4,166,42,person,0.65,377.9519,652.2132
CAMERA_DEBUT_COULOIR_DROIT.mp4,166,43,person,0.89,586.6486,930.2192
CAMERA_DEBUT_COULOIR_DROIT.mp4,166,30,person,0.44,345.55908,640.62244
CAMERA_DEBUT_COULOIR_DROIT.mp4,166,23,person,0.26,349.82608,642.2565
CAMERA_DEBUT_COULOIR_DROIT.mp4,166,65,person,0.4,341.66983,641.334
CAMERA_DEBUT_COULOIR_DROIT.mp4,167,42,person,0.63,377.93222,652.4033
CAMERA_DEBUT_COULOIR_DROIT.mp4,167,43,person,0.89,579.22644,932.77515
CAMERA_DEBUT_COULOIR_DROIT.mp4,167,30,person,0.44,345.15942,640.8468
CAMERA_DEBUT_COULOIR_DROIT.mp4,167,23,person,0.25,349.69116,642.6505
CAMERA_DEBUT_COULOIR_DROIT.mp4,167,65,person,0.39,341.6491,641.4053
CAMERA_DEBUT_COULOIR_DROIT.mp4,167,54,backpack,0.47,644.8324,760.7196
CAMERA_DEBUT_COULOIR_DROIT.mp4,168,42,person,0.65,378.1742,652.4418
CAMERA_DEBUT_COULOIR_DROIT.mp4,168,43,person,0.89,576.0304,933.6221
CAMERA_DEBUT_COULOIR_DROIT.mp4,168,30,person,0.47,345.12665,640.92926
CAMERA_DEBUT_COULOIR_DROIT.mp4,168,23,person,0.32,349.32272,642.73694
CAMERA_DEBUT_COULOIR_DROIT.mp4,168,65,person,0.46,341.82324,641.5432
CAMERA_DEBUT_COULOIR_DROIT.mp4,168,54,backpack,0.39,636.3252,763.0522
CAMERA_DEBUT_COULOIR_DROIT.mp4,168,45,person,0.47,374.3614,650.60767
CAMERA_DEBUT_COULOIR_DROIT.mp4,169,42,person,0.62,378.75015,651.635
CAMERA_DEBUT_COULOIR_DROIT.mp4,169,43,person,0.89,574.82263,933.004
CAMERA_DEBUT_COULOIR_DROIT.mp4,169,30,person,0.45,345.09418,640.92786
CAMERA_DEBUT_COULOIR_DROIT.mp4,169,23,person,0.36,349.4745,642.1415
CAMERA_DEBUT_COULOIR_DROIT.mp4,169,65,person,0.44,341.83105,641.27686
CAMERA_DEBUT_COULOIR_DROIT.mp4,169,54,backpack,0.3,625.9205,763.77
CAMERA_DEBUT_COULOIR_DROIT.mp4,169,45,person,0.41,372.42563,649.0896
CAMERA_DEBUT_COULOIR_DROIT.mp4,170,42,person,0.61,379.31598,651.59546
CAMERA_DEBUT_COULOIR_DROIT.mp4,170,43,person,0.9,571.6505,924.7838
CAMERA_DEBUT_COULOIR_DROIT.mp4,170,30,person,0.44,345.3244,640.8915
CAMERA_DEBUT_COULOIR_DROIT.mp4,170,23,person,0.37,351.66653,641.9977
CAMERA_DEBUT_COULOIR_DROIT.mp4,170,65,person,0.44,341.73828,641.2605
CAMERA_DEBUT_COULOIR_DROIT.mp4,170,54,backpack,0.3,614.0216,762.3391
CAMERA_DEBUT_COULOIR_DROIT.mp4,171,42,person,0.59,379.3081,651.08887
CAMERA_DEBUT_COULOIR_DROIT.mp4,171,43,person,0.91,567.97437,921.92126
CAMERA_DEBUT_COULOIR_DROIT.mp4,171,30,person,0.45,345.34894,640.69824
CAMERA_DEBUT_COULOIR_DROIT.mp4,171,23,person,0.4,351.37512,641.7346
CAMERA_DEBUT_COULOIR_DROIT.mp4,171,65,person,0.44,341.93048,641.2394
CAMERA_DEBUT_COULOIR_DROIT.mp4,171,54,backpack,0.31,600.7109,762.0137
CAMERA_DEBUT_COULOIR_DROIT.mp4,172,42,person,0.58,379.5224,651.18915
CAMERA_DEBUT_COULOIR_DROIT.mp4,172,43,person,0.89,565.0615,918.00757
CAMERA_DEBUT_COULOIR_DROIT.mp4,172,30,person,0.47,344.81274,640.90466
CAMERA_DEBUT_COULOIR_DROIT.mp4,172,23,person,0.39,350.57285,641.9275
CAMERA_DEBUT_COULOIR_DROIT.mp4,172,45,person,0.45,375.5235,646.7037
CAMERA_DEBUT_COULOIR_DROIT.mp4,173,42,person,0.58,379.06677,651.3478
CAMERA_DEBUT_COULOIR_DROIT.mp4,173,43,person,0.89,555.10486,886.8179
CAMERA_DEBUT_COULOIR_DROIT.mp4,173,30,person,0.46,344.7436,641.0073
CAMERA_DEBUT_COULOIR_DROIT.mp4,173,23,person,0.38,349.90167,642.074
CAMERA_DEBUT_COULOIR_DROIT.mp4,173,45,person,0.48,375.58197,646.37427
CAMERA_DEBUT_COULOIR_DROIT.mp4,174,42,person,0.57,379.00684,651.0748
CAMERA_DEBUT_COULOIR_DROIT.mp4,174,43,person,0.89,545.6809,864.68713
CAMERA_DEBUT_COULOIR_DROIT.mp4,174,30,person,0.45,344.65747,640.9154
CAMERA_DEBUT_COULOIR_DROIT.mp4,174,23,person,0.35,350.57434,642.07623
CAMERA_DEBUT_COULOIR_DROIT.mp4,174,71,person,0.36,365.66412,645.016
CAMERA_DEBUT_COULOIR_DROIT.mp4,174,65,person,0.43,341.70563,641.2084
CAMERA_DEBUT_COULOIR_DROIT.mp4,174,54,backpack,0.55,567.16425,747.4866
CAMERA_DEBUT_COULOIR_DROIT.mp4,175,42,person,0.57,378.93375,651.3169
CAMERA_DEBUT_COULOIR_DROIT.mp4,175,43,person,0.86,532.6547,853.39636
CAMERA_DEBUT_COULOIR_DROIT.mp4,175,30,person,0.46,344.37283,640.72437
CAMERA_DEBUT_COULOIR_DROIT.mp4,175,23,person,0.35,350.6449,641.93744
CAMERA_DEBUT_COULOIR_DROIT.mp4,175,71,person,0.34,365.4029,645.14026
CAMERA_DEBUT_COULOIR_DROIT.mp4,175,65,person,0.43,341.6565,641.0857
CAMERA_DEBUT_COULOIR_DROIT.mp4,175,54,backpack,0.5,557.09924,740.4746
CAMERA_DEBUT_COULOIR_DROIT.mp4,176,42,person,0.56,378.76038,650.5364
CAMERA_DEBUT_COULOIR_DROIT.mp4,176,43,person,0.87,521.4031,848.56433
CAMERA_DEBUT_COULOIR_DROIT.mp4,176,23,person,0.4,350.04645,641.6984
CAMERA_DEBUT_COULOIR_DROIT.mp4,176,71,person,0.37,365.28137,644.9812
CAMERA_DEBUT_COULOIR_DROIT.mp4,176,65,person,0.47,341.86218,641.3279
CAMERA_DEBUT_COULOIR_DROIT.mp4,176,54,backpack,0.41,551.1416,734.24146
CAMERA_DEBUT_COULOIR_DROIT.mp4,177,42,person,0.57,378.65192,650.34625
CAMERA_DEBUT_COULOIR_DROIT.mp4,177,43,person,0.88,516.2328,845.7289
CAMERA_DEBUT_COULOIR_DROIT.mp4,177,23,person,0.39,350.6651,641.5705
CAMERA_DEBUT_COULOIR_DROIT.mp4,177,71,person,0.37,366.10315,645.45746
CAMERA_DEBUT_COULOIR_DROIT.mp4,177,65,person,0.45,341.93573,641.3843
CAMERA_DEBUT_COULOIR_DROIT.mp4,177,54,backpack,0.36,541.1514,727.84076
CAMERA_DEBUT_COULOIR_DROIT.mp4,177,30,person,0.39,345.50623,640.59717
CAMERA_DEBUT_COULOIR_DROIT.mp4,178,42,person,0.56,378.3644,650.19934
CAMERA_DEBUT_COULOIR_DROIT.mp4,178,43,person,0.9,512.1924,845.3248
CAMERA_DEBUT_COULOIR_DROIT.mp4,178,23,person,0.34,350.86084,641.9593
CAMERA_DEBUT_COULOIR_DROIT.mp4,178,71,person,0.39,368.39233,645.8652
CAMERA_DEBUT_COULOIR_DROIT.mp4,178,65,person,0.45,341.92996,641.2761
CAMERA_DEBUT_COULOIR_DROIT.mp4,178,54,backpack,0.51,537.0806,724.0033
CAMERA_DEBUT_COULOIR_DROIT.mp4,178,30,person,0.37,346.01797,640.50385
CAMERA_DEBUT_COULOIR_DROIT.mp4,179,42,person,0.58,378.03177,650.3611
CAMERA_DEBUT_COULOIR_DROIT.mp4,179,43,person,0.9,507.49274,845.4633
CAMERA_DEBUT_COULOIR_DROIT.mp4,179,23,person,0.33,350.72028,642.20154
CAMERA_DEBUT_COULOIR_DROIT.mp4,179,71,person,0.44,370.8545,647.092
CAMERA_DEBUT_COULOIR_DROIT.mp4,179,65,person,0.46,341.8496,641.37427
CAMERA_DEBUT_COULOIR_DROIT.mp4,179,54,backpack,0.56,535.638,721.9685
CAMERA_DEBUT_COULOIR_DROIT.mp4,179,30,person,0.4,346.37198,640.67236
CAMERA_DEBUT_COULOIR_DROIT.mp4,180,42,person,0.59,377.84473,650.50745
CAMERA_DEBUT_COULOIR_DROIT.mp4,180,43,person,0.91,502.5591,846.6769
CAMERA_DEBUT_COULOIR_DROIT.mp4,180,23,person,0.39,351.50833,642.01306
CAMERA_DEBUT_COULOIR_DROIT.mp4,180,71,person,0.44,371.21448,648.0604
CAMERA_DEBUT_COULOIR_DROIT.mp4,180,65,person,0.46,341.5415,641.68005
CAMERA_DEBUT_COULOIR_DROIT.mp4,180,54,backpack,0.57,526.7963,721.43005
CAMERA_DEBUT_COULOIR_DROIT.mp4,180,30,person,0.39,346.71082,641.0808
CAMERA_DEBUT_COULOIR_DROIT.mp4,181,42,person,0.6,377.00867,650.64233
CAMERA_DEBUT_COULOIR_DROIT.mp4,181,43,person,0.9,496.99628,848.98413
CAMERA_DEBUT_COULOIR_DROIT.mp4,181,23,person,0.42,351.3097,641.81067
CAMERA_DEBUT_COULOIR_DROIT.mp4,181,71,person,0.44,371.65814,648.1271
CAMERA_DEBUT_COULOIR_DROIT.mp4,181,65,person,0.51,341.61108,641.68335
CAMERA_DEBUT_COULOIR_DROIT.mp4,181,54,backpack,0.77,516.38367,722.0398
CAMERA_DEBUT_COULOIR_DROIT.mp4,181,30,person,0.43,346.6307,641.0729
CAMERA_DEBUT_COULOIR_DROIT.mp4,182,42,person,0.62,376.36267,651.3684
CAMERA_DEBUT_COULOIR_DROIT.mp4,182,43,person,0.88,492.45023,850.441
CAMERA_DEBUT_COULOIR_DROIT.mp4,182,23,person,0.42,351.98004,641.7648
CAMERA_DEBUT_COULOIR_DROIT.mp4,182,71,person,0.46,371.11072,648.58856
CAMERA_DEBUT_COULOIR_DROIT.mp4,182,65,person,0.49,341.52777,641.7075
CAMERA_DEBUT_COULOIR_DROIT.mp4,182,54,backpack,0.84,510.44904,724.4964
CAMERA_DEBUT_COULOIR_DROIT.mp4,182,30,person,0.42,346.86026,641.09314
CAMERA_DEBUT_COULOIR_DROIT.mp4,183,42,person,0.6,375.97455,651.8816
CAMERA_DEBUT_COULOIR_DROIT.mp4,183,43,person,0.86,487.77582,852.4608
CAMERA_DEBUT_COULOIR_DROIT.mp4,183,23,person,0.41,353.101,641.7993
CAMERA_DEBUT_COULOIR_DROIT.mp4,183,71,person,0.44,369.60297,648.2957
CAMERA_DEBUT_COULOIR_DROIT.mp4,183,65,person,0.48,341.4439,641.6162
CAMERA_DEBUT_COULOIR_DROIT.mp4,183,54,backpack,0.81,503.35153,727.6813
CAMERA_DEBUT_COULOIR_DROIT.mp4,183,30,person,0.4,347.1076,640.9805
CAMERA_DEBUT_COULOIR_DROIT.mp4,184,42,person,0.58,377.17902,651.62695
CAMERA_DEBUT_COULOIR_DROIT.mp4,184,43,person,0.86,483.72522,853.76526
CAMERA_DEBUT_COULOIR_DROIT.mp4,184,23,person,0.39,353.60086,641.798
CAMERA_DEBUT_COULOIR_DROIT.mp4,184,71,person,0.36,366.94547,647.29346
CAMERA_DEBUT_COULOIR_DROIT.mp4,184,65,person,0.46,341.489,641.51685
CAMERA_DEBUT_COULOIR_DROIT.mp4,184,54,backpack,0.81,500.3482,730.8025
CAMERA_DEBUT_COULOIR_DROIT.mp4,184,30,person,0.38,347.07745,640.95435
CAMERA_DEBUT_COULOIR_DROIT.mp4,185,42,person,0.59,377.79028,652.3947
CAMERA_DEBUT_COULOIR_DROIT.mp4,185,43,person,0.87,479.43567,856.3213
CAMERA_DEBUT_COULOIR_DROIT.mp4,185,23,person,0.36,353.5321,641.6228
CAMERA_DEBUT_COULOIR_DROIT.mp4,185,71,person,0.33,366.27582,647.8787
CAMERA_DEBUT_COULOIR_DROIT.mp4,185,65,person,0.47,341.66046,641.50867
CAMERA_DEBUT_COULOIR_DROIT.mp4,185,54,backpack,0.76,497.99017,732.54004
CAMERA_DEBUT_COULOIR_DROIT.mp4,185,30,person,0.41,346.8794,640.854
CAMERA_DEBUT_COULOIR_DROIT.mp4,186,42,person,0.57,378.12158,652.4265
CAMERA_DEBUT_COULOIR_DROIT.mp4,186,43,person,0.87,475.8397,856.45917
CAMERA_DEBUT_COULOIR_DROIT.mp4,186,23,person,0.38,353.79044,641.4912
CAMERA_DEBUT_COULOIR_DROIT.mp4,186,71,person,0.33,365.617,647.02905
CAMERA_DEBUT_COULOIR_DROIT.mp4,186,65,person,0.45,341.53302,641.3099
CAMERA_DEBUT_COULOIR_DROIT.mp4,186,54,backpack,0.82,497.96936,731.43774
CAMERA_DEBUT_COULOIR_DROIT.mp4,186,30,person,0.4,346.84656,640.6389
CAMERA_DEBUT_COULOIR_DROIT.mp4,187,42,person,0.58,378.1382,652.84045
CAMERA_DEBUT_COULOIR_DROIT.mp4,187,43,person,0.86,471.26288,854.4293
CAMERA_DEBUT_COULOIR_DROIT.mp4,187,23,person,0.36,352.9311,641.322
CAMERA_DEBUT_COULOIR_DROIT.mp4,187,71,person,0.32,366.10608,647.64166
CAMERA_DEBUT_COULOIR_DROIT.mp4,187,65,person,0.43,341.75128,640.87195
CAMERA_DEBUT_COULOIR_DROIT.mp4,187,54,backpack,0.81,494.91956,729.8031
CAMERA_DEBUT_COULOIR_DROIT.mp4,187,30,person,0.39,346.7071,640.39636
CAMERA_DEBUT_COULOIR_DROIT.mp4,188,42,person,0.59,377.86346,653.6702
CAMERA_DEBUT_COULOIR_DROIT.mp4,188,43,person,0.87,466.84796,846.1017
CAMERA_DEBUT_COULOIR_DROIT.mp4,188,23,person,0.34,351.52582,641.3667
CAMERA_DEBUT_COULOIR_DROIT.mp4,188,71,person,0.35,368.20258,649.4912
CAMERA_DEBUT_COULOIR_DROIT.mp4,188,65,person,0.43,341.9563,640.8058
CAMERA_DEBUT_COULOIR_DROIT.mp4,188,54,backpack,0.81,493.01297,726.838
CAMERA_DEBUT_COULOIR_DROIT.mp4,188,30,person,0.4,346.48938,640.3052
CAMERA_DEBUT_COULOIR_DROIT.mp4,189,42,person,0.6,377.47247,654.3247
CAMERA_DEBUT_COULOIR_DROIT.mp4,189,43,person,0.89,463.05872,825.3739
CAMERA_DEBUT_COULOIR_DROIT.mp4,189,23,person,0.26,350.7415,641.973
CAMERA_DEBUT_COULOIR_DROIT.mp4,189,71,person,0.45,371.36163,651.07715
CAMERA_DEBUT_COULOIR_DROIT.mp4,189,65,person,0.45,342.11804,641.0831
CAMERA_DEBUT_COULOIR_DROIT.mp4,189,54,backpack,0.79,489.9543,723.82947
CAMERA_DEBUT_COULOIR_DROIT.mp4,189,30,person,0.42,346.35107,640.3756
CAMERA_DEBUT_COULOIR_DROIT.mp4,190,42,person,0.6,377.52472,654.6044
CAMERA_DEBUT_COULOIR_DROIT.mp4,190,43,person,0.89,460.6503,813.0013
CAMERA_DEBUT_COULOIR_DROIT.mp4,190,23,person,0.3,351.13483,642.19495
CAMERA_DEBUT_COULOIR_DROIT.mp4,190,71,person,0.4,371.19064,650.83826
CAMERA_DEBUT_COULOIR_DROIT.mp4,190,65,person,0.47,342.28113,641.10156
CAMERA_DEBUT_COULOIR_DROIT.mp4,190,54,backpack,0.67,487.68375,723.33185
CAMERA_DEBUT_COULOIR_DROIT.mp4,190,30,person,0.44,346.5069,640.44226
CAMERA_DEBUT_COULOIR_DROIT.mp4,191,42,person,0.6,377.64374,655.35144
CAMERA_DEBUT_COULOIR_DROIT.mp4,191,43,person,0.88,457.35028,807.93665
CAMERA_DEBUT_COULOIR_DROIT.mp4,191,23,person,0.26,351.16876,642.4564
CAMERA_DEBUT_COULOIR_DROIT.mp4,191,71,person,0.41,370.94983,651.4227
CAMERA_DEBUT_COULOIR_DROIT.mp4,191,65,person,0.45,342.28497,641.27893
CAMERA_DEBUT_COULOIR_DROIT.mp4,191,54,backpack,0.74,485.29865,722.5244
CAMERA_DEBUT_COULOIR_DROIT.mp4,191,30,person,0.42,346.44244,640.62305
CAMERA_DEBUT_COULOIR_DROIT.mp4,192,42,person,0.59,377.81778,655.2004
CAMERA_DEBUT_COULOIR_DROIT.mp4,192,43,person,0.88,453.5083,810.83606
CAMERA_DEBUT_COULOIR_DROIT.mp4,192,71,person,0.37,368.90924,650.6483
CAMERA_DEBUT_COULOIR_DROIT.mp4,192,65,person,0.45,342.40533,641.228
CAMERA_DEBUT_COULOIR_DROIT.mp4,192,54,backpack,0.77,484.29492,723.42737
CAMERA_DEBUT_COULOIR_DROIT.mp4,192,30,person,0.34,348.45547,641.4845
CAMERA_DEBUT_COULOIR_DROIT.mp4,193,42,person,0.6,377.8407,655.2693
CAMERA_DEBUT_COULOIR_DROIT.mp4,193,43,person,0.88,452.11597,814.62146
CAMERA_DEBUT_COULOIR_DROIT.mp4,193,71,person,0.4,369.09576,652.1903
CAMERA_DEBUT_COULOIR_DROIT.mp4,193,65,person,0.46,342.658,641.01434
CAMERA_DEBUT_COULOIR_DROIT.mp4,193,54,backpack,0.82,483.0335,724.47424
CAMERA_DEBUT_COULOIR_DROIT.mp4,193,30,person,0.38,347.6588,641.3922
CAMERA_DEBUT_COULOIR_DROIT.mp4,194,42,person,0.6,377.74088,654.5885
CAMERA_DEBUT_COULOIR_DROIT.mp4,194,43,person,0.87,451.40955,816.5967
CAMERA_DEBUT_COULOIR_DROIT.mp4,194,71,person,0.4,368.58832,652.0405
CAMERA_DEBUT_COULOIR_DROIT.mp4,194,65,person,0.46,342.57166,640.53613
CAMERA_DEBUT_COULOIR_DROIT.mp4,194,54,backpack,0.87,479.88464,724.6195
CAMERA_DEBUT_COULOIR_DROIT.mp4,194,30,person,0.39,347.63312,641.0849
CAMERA_DEBUT_COULOIR_DROIT.mp4,195,42,person,0.6,378.91754,653.22906
CAMERA_DEBUT_COULOIR_DROIT.mp4,195,43,person,0.86,446.489,816.077
CAMERA_DEBUT_COULOIR_DROIT.mp4,195,71,person,0.45,369.66193,652.07654
CAMERA_DEBUT_COULOIR_DROIT.mp4,195,65,person,0.46,342.47733,640.2888
CAMERA_DEBUT_COULOIR_DROIT.mp4,195,54,backpack,0.83,476.82397,724.2805
CAMERA_DEBUT_COULOIR_DROIT.mp4,195,30,person,0.4,346.95233,640.83936
CAMERA_DEBUT_COULOIR_DROIT.mp4,196,42,person,0.64,379.2716,652.6174
CAMERA_DEBUT_COULOIR_DROIT.mp4,196,43,person,0.84,443.23245,810.71533
CAMERA_DEBUT_COULOIR_DROIT.mp4,196,71,person,0.46,371.42456,652.695
CAMERA_DEBUT_COULOIR_DROIT.mp4,196,65,person,0.46,342.5511,640.2755
CAMERA_DEBUT_COULOIR_DROIT.mp4,196,54,backpack,0.35,472.84705,722.3197
CAMERA_DEBUT_COULOIR_DROIT.mp4,196,30,person,0.34,346.94705,640.6714
CAMERA_DEBUT_COULOIR_DROIT.mp4,197,42,person,0.63,379.55225,652.38513
CAMERA_DEBUT_COULOIR_DROIT.mp4,197,43,person,0.83,440.29062,794.0127
CAMERA_DEBUT_COULOIR_DROIT.mp4,197,71,person,0.43,371.70508,652.9568
CAMERA_DEBUT_COULOIR_DROIT.mp4,197,65,person,0.46,342.62427,640.48157
CAMERA_DEBUT_COULOIR_DROIT.mp4,197,30,person,0.37,346.8233,640.7898
CAMERA_DEBUT_COULOIR_DROIT.mp4,198,42,person,0.64,379.22797,652.72504
CAMERA_DEBUT_COULOIR_DROIT.mp4,198,43,person,0.8,440.3272,791.1912
CAMERA_DEBUT_COULOIR_DROIT.mp4,198,71,person,0.49,372.4854,653.59143
CAMERA_DEBUT_COULOIR_DROIT.mp4,198,30,person,0.42,345.79306,640.0997
CAMERA_DEBUT_COULOIR_DROIT.mp4,198,54,backpack,0.39,466.81195,709.34863
CAMERA_DEBUT_COULOIR_DROIT.mp4,199,42,person,0.55,378.4171,652.70575
CAMERA_DEBUT_COULOIR_DROIT.mp4,199,43,person,0.85,439.33905,776.9013
CAMERA_DEBUT_COULOIR_DROIT.mp4,199,30,person,0.3,346.59094,640.75183
CAMERA_DEBUT_COULOIR_DROIT.mp4,199,54,backpack,0.34,464.54462,700.50665
CAMERA_DEBUT_COULOIR_DROIT.mp4,199,65,person,0.37,342.66626,640.8508
CAMERA_DEBUT_COULOIR_DROIT.mp4,200,42,person,0.5,377.7068,653.71545
CAMERA_DEBUT_COULOIR_DROIT.mp4,200,43,person,0.89,437.89056,761.25696
CAMERA_DEBUT_COULOIR_DROIT.mp4,200,54,backpack,0.32,463.32043,694.0544
CAMERA_DEBUT_COULOIR_DROIT.mp4,200,65,person,0.35,342.7,640.73206
CAMERA_DEBUT_COULOIR_DROIT.mp4,201,42,person,0.46,377.326,654.3113
CAMERA_DEBUT_COULOIR_DROIT.mp4,201,43,person,0.88,436.08423,754.1134
CAMERA_DEBUT_COULOIR_DROIT.mp4,201,54,backpack,0.6,461.6836,689.5353
CAMERA_DEBUT_COULOIR_DROIT.mp4,201,65,person,0.35,342.7391,640.6001
CAMERA_DEBUT_COULOIR_DROIT.mp4,202,42,person,0.5,377.35446,654.6444
CAMERA_DEBUT_COULOIR_DROIT.mp4,202,43,person,0.86,434.853,756.56506
CAMERA_DEBUT_COULOIR_DROIT.mp4,202,54,backpack,0.67,460.64087,687.3873
CAMERA_DEBUT_COULOIR_DROIT.mp4,202,65,person,0.35,342.96216,640.9792
CAMERA_DEBUT_COULOIR_DROIT.mp4,203,42,person,0.44,377.0492,654.3683
CAMERA_DEBUT_COULOIR_DROIT.mp4,203,43,person,0.85,433.06082,762.55536
CAMERA_DEBUT_COULOIR_DROIT.mp4,203,54,backpack,0.7,458.88037,688.59015
CAMERA_DEBUT_COULOIR_DROIT.mp4,203,30,person,0.37,345.38043,640.1311
CAMERA_DEBUT_COULOIR_DROIT.mp4,204,42,person,0.42,376.8438,652.5815
CAMERA_DEBUT_COULOIR_DROIT.mp4,204,43,person,0.86,431.14148,762.00775
CAMERA_DEBUT_COULOIR_DROIT.mp4,204,54,backpack,0.51,456.10565,690.6141
CAMERA_DEBUT_COULOIR_DROIT.mp4,204,30,person,0.39,345.37775,640.4735
CAMERA_DEBUT_COULOIR_DROIT.mp4,205,42,person,0.49,377.85468,652.09503
CAMERA_DEBUT_COULOIR_DROIT.mp4,205,43,person,0.88,428.53894,763.3043
CAMERA_DEBUT_COULOIR_DROIT.mp4,205,54,backpack,0.43,452.15494,695.03564
CAMERA_DEBUT_COULOIR_DROIT.mp4,205,30,person,0.41,345.64774,640.60925
CAMERA_DEBUT_COULOIR_DROIT.mp4,205,71,person,0.42,372.92303,651.30396
CAMERA_DEBUT_COULOIR_DROIT.mp4,206,42,person,0.54,378.47534,653.05096
CAMERA_DEBUT_COULOIR_DROIT.mp4,206,43,person,0.88,425.86197,763.8893
CAMERA_DEBUT_COULOIR_DROIT.mp4,206,71,person,0.44,372.54346,653.61475
CAMERA_DEBUT_COULOIR_DROIT.mp4,206,65,person,0.39,343.11694,641.47473
CAMERA_DEBUT_COULOIR_DROIT.mp4,207,42,person,0.55,377.73697,654.03235
CAMERA_DEBUT_COULOIR_DROIT.mp4,207,43,person,0.89,423.85486,762.39386
CAMERA_DEBUT_COULOIR_DROIT.mp4,207,71,person,0.43,371.98508,654.34106
CAMERA_DEBUT_COULOIR_DROIT.mp4,207,65,person,0.41,343.07684,641.5604
CAMERA_DEBUT_COULOIR_DROIT.mp4,208,42,person,0.54,378.2751,653.52045
CAMERA_DEBUT_COULOIR_DROIT.mp4,208,43,person,0.88,423.64093,761.76
CAMERA_DEBUT_COULOIR_DROIT.mp4,208,71,person,0.44,372.36206,654.3845
CAMERA_DEBUT_COULOIR_DROIT.mp4,208,65,person,0.41,343.2862,641.24963
CAMERA_DEBUT_COULOIR_DROIT.mp4,209,42,person,0.53,377.18805,652.912
CAMERA_DEBUT_COULOIR_DROIT.mp4,209,43,person,0.88,423.14844,760.5648
CAMERA_DEBUT_COULOIR_DROIT.mp4,209,65,person,0.39,343.14526,640.8771
CAMERA_DEBUT_COULOIR_DROIT.mp4,210,42,person,0.46,376.99207,653.1532
CAMERA_DEBUT_COULOIR_DROIT.mp4,210,43,person,0.85,424.25238,758.7176
CAMERA_DEBUT_COULOIR_DROIT.mp4,210,65,person,0.34,343.18668,641.128
CAMERA_DEBUT_COULOIR_DROIT.mp4,211,42,person,0.52,376.21674,652.5985
CAMERA_DEBUT_COULOIR_DROIT.mp4,211,43,person,0.87,425.51996,750.34155
CAMERA_DEBUT_COULOIR_DROIT.mp4,211,65,person,0.37,343.14978,641.39044
CAMERA_DEBUT_COULOIR_DROIT.mp4,212,42,person,0.55,375.08777,653.10583
CAMERA_DEBUT_COULOIR_DROIT.mp4,212,43,person,0.89,425.5396,740.2428
CAMERA_DEBUT_COULOIR_DROIT.mp4,212,30,person,0.34,345.91873,641.3344
CAMERA_DEBUT_COULOIR_DROIT.mp4,212,71,person,0.28,370.74902,648.6953
CAMERA_DEBUT_COULOIR_DROIT.mp4,213,42,person,0.58,374.7996,653.45703
CAMERA_DEBUT_COULOIR_DROIT.mp4,213,43,person,0.86,424.2126,733.1399
CAMERA_DEBUT_COULOIR_DROIT.mp4,213,30,person,0.35,346.2296,641.2739
CAMERA_DEBUT_COULOIR_DROIT.mp4,213,71,person,0.27,370.43365,647.3758
CAMERA_DEBUT_COULOIR_DROIT.mp4,214,42,person,0.59,374.80008,653.04333
CAMERA_DEBUT_COULOIR_DROIT.mp4,214,43,person,0.86,423.49615,732.54114
CAMERA_DEBUT_COULOIR_DROIT.mp4,214,30,person,0.35,346.30893,641.5165
CAMERA_DEBUT_COULOIR_DROIT.mp4,214,71,person,0.27,370.1955,647.1688
CAMERA_DEBUT_COULOIR_DROIT.mp4,215,42,person,0.59,374.67407,652.86584
CAMERA_DEBUT_COULOIR_DROIT.mp4,215,43,person,0.87,422.3582,729.68445
CAMERA_DEBUT_COULOIR_DROIT.mp4,215,71,person,0.25,370.28802,647.3865
CAMERA_DEBUT_COULOIR_DROIT.mp4,216,42,person,0.59,374.6504,653.3208
CAMERA_DEBUT_COULOIR_DROIT.mp4,216,43,person,0.88,421.53455,728.65576
CAMERA_DEBUT_COULOIR_DROIT.mp4,216,71,person,0.28,370.58685,647.02325
CAMERA_DEBUT_COULOIR_DROIT.mp4,216,30,person,0.39,346.22968,641.75336
CAMERA_DEBUT_COULOIR_DROIT.mp4,217,42,person,0.61,374.68774,653.90295
CAMERA_DEBUT_COULOIR_DROIT.mp4,217,43,person,0.88,421.70438,729.201
CAMERA_DEBUT_COULOIR_DROIT.mp4,217,71,person,0.3,371.04953,646.84827
CAMERA_DEBUT_COULOIR_DROIT.mp4,217,30,person,0.42,346.2909,641.8085
CAMERA_DEBUT_COULOIR_DROIT.mp4,218,42,person,0.56,375.27362,655.31934
CAMERA_DEBUT_COULOIR_DROIT.mp4,218,43,person,0.88,422.0164,728.4033
CAMERA_DEBUT_COULOIR_DROIT.mp4,218,30,person,0.4,346.5302,641.93774
CAMERA_DEBUT_COULOIR_DROIT.mp4,219,42,person,0.5,375.7301,654.68823
CAMERA_DEBUT_COULOIR_DROIT.mp4,219,43,person,0.88,421.13455,726.3316
CAMERA_DEBUT_COULOIR_DROIT.mp4,219,30,person,0.4,345.72742,641.4221
CAMERA_DEBUT_COULOIR_DROIT.mp4,219,71,person,0.26,370.95102,644.0228
CAMERA_DEBUT_COULOIR_DROIT.mp4,220,42,person,0.56,375.2533,656.1892
CAMERA_DEBUT_COULOIR_DROIT.mp4,220,43,person,0.86,419.00757,723.8021
CAMERA_DEBUT_COULOIR_DROIT.mp4,220,30,person,0.36,345.42487,641.0312
CAMERA_DEBUT_COULOIR_DROIT.mp4,221,42,person,0.59,376.0725,657.0349
CAMERA_DEBUT_COULOIR_DROIT.mp4,221,43,person,0.85,419.95844,720.29663
CAMERA_DEBUT_COULOIR_DROIT.mp4,221,30,person,0.42,345.8859,641.2571
CAMERA_DEBUT_COULOIR_DROIT.mp4,221,71,person,0.25,371.3426,641.8771
CAMERA_DEBUT_COULOIR_DROIT.mp4,222,42,person,0.56,375.31775,657.99664
CAMERA_DEBUT_COULOIR_DROIT.mp4,222,43,person,0.85,419.34253,713.9378
CAMERA_DEBUT_COULOIR_DROIT.mp4,222,30,person,0.41,345.97913,641.4066
CAMERA_DEBUT_COULOIR_DROIT.mp4,222,71,person,0.34,371.5681,643.5548
CAMERA_DEBUT_COULOIR_DROIT.mp4,223,42,person,0.55,374.61157,658.0631
CAMERA_DEBUT_COULOIR_DROIT.mp4,223,43,person,0.84,416.79028,709.74133
CAMERA_DEBUT_COULOIR_DROIT.mp4,223,30,person,0.42,346.04028,641.53467
CAMERA_DEBUT_COULOIR_DROIT.mp4,223,71,person,0.44,372.1239,645.60614
CAMERA_DEBUT_COULOIR_DROIT.mp4,224,42,person,0.58,374.41394,659.1684
CAMERA_DEBUT_COULOIR_DROIT.mp4,224,43,person,0.84,416.4485,704.6505
CAMERA_DEBUT_COULOIR_DROIT.mp4,224,30,person,0.42,345.9459,641.54224
CAMERA_DEBUT_COULOIR_DROIT.mp4,224,71,person,0.45,372.33026,647.1459
CAMERA_DEBUT_COULOIR_DROIT.mp4,225,42,person,0.6,374.93036,659.7114
CAMERA_DEBUT_COULOIR_DROIT.mp4,225,43,person,0.82,418.07513,702.6799
CAMERA_DEBUT_COULOIR_DROIT.mp4,225,30,person,0.41,345.94385,641.62415
CAMERA_DEBUT_COULOIR_DROIT.mp4,225,71,person,0.4,372.60367,648.3579
CAMERA_DEBUT_COULOIR_DROIT.mp4,226,42,person,0.65,375.56686,660.0924
CAMERA_DEBUT_COULOIR_DROIT.mp4,226,43,person,0.84,418.81396,702.0045
CAMERA_DEBUT_COULOIR_DROIT.mp4,226,30,person,0.4,344.33633,641.8324
CAMERA_DEBUT_COULOIR_DROIT.mp4,226,71,person,0.33,372.9009,648.4668
CAMERA_DEBUT_COULOIR_DROIT.mp4,227,42,person,0.62,376.0531,660.06287
CAMERA_DEBUT_COULOIR_DROIT.mp4,227,43,person,0.85,418.13654,702.92847
CAMERA_DEBUT_COULOIR_DROIT.mp4,227,30,person,0.38,343.5197,641.7138
CAMERA_DEBUT_COULOIR_DROIT.mp4,227,71,person,0.38,373.05182,648.0115
CAMERA_DEBUT_COULOIR_DROIT.mp4,228,42,person,0.63,377.0052,659.74524
CAMERA_DEBUT_COULOIR_DROIT.mp4,228,43,person,0.86,417.61316,704.06024
CAMERA_DEBUT_COULOIR_DROIT.mp4,228,30,person,0.33,343.36816,641.2809
CAMERA_DEBUT_COULOIR_DROIT.mp4,228,71,person,0.31,373.56497,647.75684
CAMERA_DEBUT_COULOIR_DROIT.mp4,229,42,person,0.68,377.84946,658.86725
CAMERA_DEBUT_COULOIR_DROIT.mp4,229,43,person,0.87,418.05164,704.1042
CAMERA_DEBUT_COULOIR_DROIT.mp4,229,30,person,0.37,344.90387,641.60986
CAMERA_DEBUT_COULOIR_DROIT.mp4,230,42,person,0.7,378.18286,658.35785
CAMERA_DEBUT_COULOIR_DROIT.mp4,230,43,person,0.86,418.21356,703.8076
CAMERA_DEBUT_COULOIR_DROIT.mp4,230,30,person,0.38,345.23773,641.81323
CAMERA_DEBUT_COULOIR_DROIT.mp4,230,71,person,0.27,373.88965,648.39276
CAMERA_DEBUT_COULOIR_DROIT.mp4,231,42,person,0.7,378.08868,657.96545
CAMERA_DEBUT_COULOIR_DROIT.mp4,231,43,person,0.83,418.87488,702.3977
CAMERA_DEBUT_COULOIR_DROIT.mp4,231,30,person,0.38,345.32806,641.69617
CAMERA_DEBUT_COULOIR_DROIT.mp4,232,42,person,0.72,377.89496,657.849
CAMERA_DEBUT_COULOIR_DROIT.mp4,232,43,person,0.79,419.42548,700.39166
CAMERA_DEBUT_COULOIR_DROIT.mp4,232,30,person,0.33,345.38257,641.5344
CAMERA_DEBUT_COULOIR_DROIT.mp4,233,42,person,0.72,377.6662,658.4174
CAMERA_DEBUT_COULOIR_DROIT.mp4,233,43,person,0.78,419.79044,699.2367
CAMERA_DEBUT_COULOIR_DROIT.mp4,233,30,person,0.34,345.54922,641.4983
CAMERA_DEBUT_COULOIR_DROIT.mp4,234,42,person,0.74,377.073,658.53906
CAMERA_DEBUT_COULOIR_DROIT.mp4,234,43,person,0.81,420.09137,696.1934
CAMERA_DEBUT_COULOIR_DROIT.mp4,234,30,person,0.37,345.19684,641.4943
CAMERA_DEBUT_COULOIR_DROIT.mp4,235,42,person,0.74,377.00943,658.6682
CAMERA_DEBUT_COULOIR_DROIT.mp4,235,43,person,0.82,419.4973,693.06775
CAMERA_DEBUT_COULOIR_DROIT.mp4,235,30,person,0.38,345.25076,641.47034
CAMERA_DEBUT_COULOIR_DROIT.mp4,236,42,person,0.7,377.02002,658.9713
CAMERA_DEBUT_COULOIR_DROIT.mp4,236,43,person,0.83,419.6583,690.9862
CAMERA_DEBUT_COULOIR_DROIT.mp4,236,30,person,0.39,345.3663,641.77966
CAMERA_DEBUT_COULOIR_DROIT.mp4,237,42,person,0.72,377.12244,659.35266
CAMERA_DEBUT_COULOIR_DROIT.mp4,237,43,person,0.83,420.75262,690.8516
CAMERA_DEBUT_COULOIR_DROIT.mp4,237,30,person,0.39,345.22113,641.96765
CAMERA_DEBUT_COULOIR_DROIT.mp4,238,42,person,0.72,377.0889,659.3375
CAMERA_DEBUT_COULOIR_DROIT.mp4,238,43,person,0.83,422.13232,690.9075
CAMERA_DEBUT_COULOIR_DROIT.mp4,238,30,person,0.4,345.25494,642.02484
CAMERA_DEBUT_COULOIR_DROIT.mp4,239,42,person,0.71,376.93173,659.0598
CAMERA_DEBUT_COULOIR_DROIT.mp4,239,43,person,0.83,423.08026,690.84705
CAMERA_DEBUT_COULOIR_DROIT.mp4,239,30,person,0.38,345.61484,642.2346
CAMERA_DEBUT_COULOIR_DROIT.mp4,240,42,person,0.7,376.90018,659.06335
CAMERA_DEBUT_COULOIR_DROIT.mp4,240,43,person,0.84,423.72473,689.83154
CAMERA_DEBUT_COULOIR_DROIT.mp4,240,30,person,0.41,345.71948,642.10986
CAMERA_DEBUT_COULOIR_DROIT.mp4,241,42,person,0.7,377.23242,658.8198
CAMERA_DEBUT_COULOIR_DROIT.mp4,241,43,person,0.83,423.5067,687.9158
CAMERA_DEBUT_COULOIR_DROIT.mp4,241,30,person,0.39,345.89218,642.09015
CAMERA_DEBUT_COULOIR_DROIT.mp4,242,42,person,0.73,377.22412,658.4802
CAMERA_DEBUT_COULOIR_DROIT.mp4,242,43,person,0.82,422.9392,685.2972
CAMERA_DEBUT_COULOIR_DROIT.mp4,242,30,person,0.39,346.4854,641.89056
CAMERA_DEBUT_COULOIR_DROIT.mp4,243,42,person,0.73,377.20605,658.7594
CAMERA_DEBUT_COULOIR_DROIT.mp4,243,43,person,0.83,421.75592,683.73035
CAMERA_DEBUT_COULOIR_DROIT.mp4,243,30,person,0.37,347.19965,641.88873
CAMERA_DEBUT_COULOIR_DROIT.mp4,244,42,person,0.75,377.24905,659.1128
CAMERA_DEBUT_COULOIR_DROIT.mp4,244,43,person,0.82,421.39417,682.1936
CAMERA_DEBUT_COULOIR_DROIT.mp4,244,30,person,0.4,347.10608,641.97864
CAMERA_DEBUT_COULOIR_DROIT.mp4,244,76,person,0.35,343.20947,641.93066
CAMERA_DEBUT_COULOIR_DROIT.mp4,245,42,person,0.74,376.8761,659.13184
CAMERA_DEBUT_COULOIR_DROIT.mp4,245,43,person,0.82,421.24158,680.91125
CAMERA_DEBUT_COULOIR_DROIT.mp4,245,30,person,0.41,346.90234,642.13354
CAMERA_DEBUT_COULOIR_DROIT.mp4,246,42,person,0.74,376.55676,658.5404
CAMERA_DEBUT_COULOIR_DROIT.mp4,246,43,person,0.81,420.79016,680.0898
CAMERA_DEBUT_COULOIR_DROIT.mp4,246,30,person,0.39,346.8638,642.29376
CAMERA_DEBUT_COULOIR_DROIT.mp4,247,42,person,0.77,376.29352,658.31915
CAMERA_DEBUT_COULOIR_DROIT.mp4,247,43,person,0.81,420.8857,680.4291
CAMERA_DEBUT_COULOIR_DROIT.mp4,247,30,person,0.37,346.6526,642.3458
CAMERA_DEBUT_COULOIR_DROIT.mp4,248,42,person,0.76,376.35242,658.7019
CAMERA_DEBUT_COULOIR_DROIT.mp4,248,43,person,0.8,420.83582,680.7352
CAMERA_DEBUT_COULOIR_DROIT.mp4,248,30,person,0.39,346.46277,642.3773
CAMERA_DEBUT_COULOIR_DROIT.mp4,249,42,person,0.77,376.8382,658.5863
CAMERA_DEBUT_COULOIR_DROIT.mp4,249,43,person,0.82,420.88083,680.49316
CAMERA_DEBUT_COULOIR_DROIT.mp4,249,30,person,0.29,346.82123,642.1001
CAMERA_DEBUT_COULOIR_DROIT.mp4,249,76,person,0.35,342.83487,641.85736
CAMERA_DEBUT_COULOIR_DROIT.mp4,250,42,person,0.77,376.9475,659.23865
CAMERA_DEBUT_COULOIR_DROIT.mp4,250,43,person,0.81,420.7125,680.43384
CAMERA_DEBUT_COULOIR_DROIT.mp4,250,30,person,0.39,346.0298,642.0622
CAMERA_DEBUT_COULOIR_DROIT.mp4,251,42,person,0.77,376.83716,659.4632
CAMERA_DEBUT_COULOIR_DROIT.mp4,251,43,person,0.8,420.52048,679.7925
CAMERA_DEBUT_COULOIR_DROIT.mp4,251,30,person,0.28,346.11328,641.9408
CAMERA_DEBUT_COULOIR_DROIT.mp4,251,76,person,0.37,342.4167,641.7873
CAMERA_DEBUT_COULOIR_DROIT.mp4,252,42,person,0.78,376.64337,659.4663
CAMERA_DEBUT_COULOIR_DROIT.mp4,252,43,person,0.78,420.331,678.6643
CAMERA_DEBUT_COULOIR_DROIT.mp4,252,30,person,0.27,345.82153,641.0735
CAMERA_DEBUT_COULOIR_DROIT.mp4,252,76,person,0.38,342.2933,641.8136
CAMERA_DEBUT_COULOIR_DROIT.mp4,253,42,person,0.79,376.49902,659.6614
CAMERA_DEBUT_COULOIR_DROIT.mp4,253,43,person,0.82,420.33072,676.678
CAMERA_DEBUT_COULOIR_DROIT.mp4,253,76,person,0.41,342.3319,642.151
CAMERA_DEBUT_COULOIR_DROIT.mp4,254,42,person,0.79,376.55115,659.83057
CAMERA_DEBUT_COULOIR_DROIT.mp4,254,43,person,0.82,419.90784,675.0834
CAMERA_DEBUT_COULOIR_DROIT.mp4,254,76,person,0.41,342.62134,642.1804
CAMERA_DEBUT_COULOIR_DROIT.mp4,255,42,person,0.79,376.6554,660.21484
CAMERA_DEBUT_COULOIR_DROIT.mp4,255,43,person,0.81,419.51074,673.6704
CAMERA_DEBUT_COULOIR_DROIT.mp4,255,76,person,0.4,342.55634,642.16296
CAMERA_DEBUT_COULOIR_DROIT.mp4,256,42,person,0.78,376.79315,660.03766
CAMERA_DEBUT_COULOIR_DROIT.mp4,256,43,person,0.79,419.469,672.584
CAMERA_DEBUT_COULOIR_DROIT.mp4,256,76,person,0.45,342.73987,642.34314
CAMERA_DEBUT_COULOIR_DROIT.mp4,257,42,person,0.8,376.8518,660.2066
CAMERA_DEBUT_COULOIR_DROIT.mp4,257,43,person,0.75,419.60248,672.7097
CAMERA_DEBUT_COULOIR_DROIT.mp4,257,76,person,0.43,342.58615,642.6422
CAMERA_DEBUT_COULOIR_DROIT.mp4,257,30,person,0.31,346.28046,641.30927
CAMERA_DEBUT_COULOIR_DROIT.mp4,258,42,person,0.78,377.24097,660.47974
CAMERA_DEBUT_COULOIR_DROIT.mp4,258,43,person,0.76,419.5799,673.98486
CAMERA_DEBUT_COULOIR_DROIT.mp4,258,76,person,0.43,342.57288,642.3745
CAMERA_DEBUT_COULOIR_DROIT.mp4,258,30,person,0.36,346.43518,641.1619
CAMERA_DEBUT_COULOIR_DROIT.mp4,259,42,person,0.77,377.53796,660.4144
CAMERA_DEBUT_COULOIR_DROIT.mp4,259,43,person,0.78,420.11932,673.8529
CAMERA_DEBUT_COULOIR_DROIT.mp4,259,76,person,0.4,342.65262,642.2904
CAMERA_DEBUT_COULOIR_DROIT.mp4,259,30,person,0.3,346.50226,641.968
CAMERA_DEBUT_COULOIR_DROIT.mp4,260,42,person,0.76,377.72113,660.5541
CAMERA_DEBUT_COULOIR_DROIT.mp4,260,43,person,0.77,420.29877,672.8156
CAMERA_DEBUT_COULOIR_DROIT.mp4,260,76,person,0.39,342.67242,642.2899
CAMERA_DEBUT_COULOIR_DROIT.mp4,260,30,person,0.38,346.76495,642.4557
CAMERA_DEBUT_COULOIR_DROIT.mp4,261,42,person,0.75,378.29303,660.584
CAMERA_DEBUT_COULOIR_DROIT.mp4,261,43,person,0.76,420.85614,670.9885
CAMERA_DEBUT_COULOIR_DROIT.mp4,261,76,person,0.4,342.71356,642.27997
CAMERA_DEBUT_COULOIR_DROIT.mp4,261,30,person,0.44,347.4121,642.69476
CAMERA_DEBUT_COULOIR_DROIT.mp4,262,42,person,0.77,378.4202,661.0792
CAMERA_DEBUT_COULOIR_DROIT.mp4,262,43,person,0.74,421.30264,669.50635
CAMERA_DEBUT_COULOIR_DROIT.mp4,262,76,person,0.38,342.77173,642.23315
CAMERA_DEBUT_COULOIR_DROIT.mp4,262,30,person,0.45,347.60944,642.75195
CAMERA_DEBUT_COULOIR_DROIT.mp4,263,42,person,0.75,378.7461,660.98193
CAMERA_DEBUT_COULOIR_DROIT.mp4,263,43,person,0.72,421.30353,668.03296
CAMERA_DEBUT_COULOIR_DROIT.mp4,263,76,person,0.43,342.89972,641.9691
CAMERA_DEBUT_COULOIR_DROIT.mp4,263,30,person,0.42,347.4776,642.51636
CAMERA_DEBUT_COULOIR_DROIT.mp4,264,42,person,0.75,379.0338,661.138
CAMERA_DEBUT_COULOIR_DROIT.mp4,264,43,person,0.69,420.75714,665.5966
CAMERA_DEBUT_COULOIR_DROIT.mp4,264,76,person,0.42,342.8741,642.1582
CAMERA_DEBUT_COULOIR_DROIT.mp4,264,30,person,0.43,347.4295,642.7289
CAMERA_DEBUT_COULOIR_DROIT.mp4,265,42,person,0.75,379.06122,661.10645
CAMERA_DEBUT_COULOIR_DROIT.mp4,265,43,person,0.72,420.2621,664.2837
CAMERA_DEBUT_COULOIR_DROIT.mp4,265,76,person,0.45,342.79257,642.4464
CAMERA_DEBUT_COULOIR_DROIT.mp4,265,30,person,0.41,347.41483,642.9358
CAMERA_DEBUT_COULOIR_DROIT.mp4,266,42,person,0.75,379.13715,661.4459
CAMERA_DEBUT_COULOIR_DROIT.mp4,266,43,person,0.7,420.02838,664.3208
CAMERA_DEBUT_COULOIR_DROIT.mp4,266,76,person,0.44,342.62445,642.5417
CAMERA_DEBUT_COULOIR_DROIT.mp4,266,30,person,0.39,347.80725,643.10364
CAMERA_DEBUT_COULOIR_DROIT.mp4,267,42,person,0.73,379.29666,661.4875
CAMERA_DEBUT_COULOIR_DROIT.mp4,267,43,person,0.69,420.57858,665.59485
CAMERA_DEBUT_COULOIR_DROIT.mp4,267,76,person,0.46,342.57855,642.3247
CAMERA_DEBUT_COULOIR_DROIT.mp4,267,30,person,0.39,348.25122,643.0343
CAMERA_DEBUT_COULOIR_DROIT.mp4,268,42,person,0.73,379.77032,661.49713
CAMERA_DEBUT_COULOIR_DROIT.mp4,268,43,person,0.74,421.03247,666.6377
CAMERA_DEBUT_COULOIR_DROIT.mp4,268,76,person,0.47,342.5464,642.4862
CAMERA_DEBUT_COULOIR_DROIT.mp4,268,30,person,0.4,348.9759,642.9447
CAMERA_DEBUT_COULOIR_DROIT.mp4,269,42,person,0.73,379.9767,661.3756
CAMERA_DEBUT_COULOIR_DROIT.mp4,269,43,person,0.79,420.99066,666.89264
CAMERA_DEBUT_COULOIR_DROIT.mp4,269,76,person,0.46,342.52823,642.4402
CAMERA_DEBUT_COULOIR_DROIT.mp4,269,30,person,0.4,348.29944,642.76245
CAMERA_DEBUT_COULOIR_DROIT.mp4,270,42,person,0.75,379.64352,661.0491
CAMERA_DEBUT_COULOIR_DROIT.mp4,270,43,person,0.79,420.48138,666.53186
CAMERA_DEBUT_COULOIR_DROIT.mp4,270,76,person,0.45,342.4394,642.359
CAMERA_DEBUT_COULOIR_DROIT.mp4,270,30,person,0.38,348.77393,642.5639
CAMERA_DEBUT_COULOIR_DROIT.mp4,271,42,person,0.76,379.0094,660.865
CAMERA_DEBUT_COULOIR_DROIT.mp4,271,43,person,0.76,419.9672,664.65594
CAMERA_DEBUT_COULOIR_DROIT.mp4,271,76,person,0.5,342.52826,641.9795
CAMERA_DEBUT_COULOIR_DROIT.mp4,271,30,person,0.38,348.24622,642.37915
CAMERA_DEBUT_COULOIR_DROIT.mp4,272,42,person,0.77,378.16107,660.5929
CAMERA_DEBUT_COULOIR_DROIT.mp4,272,43,person,0.79,419.29214,662.0483
CAMERA_DEBUT_COULOIR_DROIT.mp4,272,76,person,0.52,342.44946,641.66895
CAMERA_DEBUT_COULOIR_DROIT.mp4,272,30,person,0.35,347.59708,641.14105
CAMERA_DEBUT_COULOIR_DROIT.mp4,273,42,person,0.76,377.8436,660.6509
CAMERA_DEBUT_COULOIR_DROIT.mp4,273,43,person,0.82,418.71466,660.2372
CAMERA_DEBUT_COULOIR_DROIT.mp4,273,76,person,0.51,342.47928,641.6251
CAMERA_DEBUT_COULOIR_DROIT.mp4,273,30,person,0.35,347.4839,640.7314
CAMERA_DEBUT_COULOIR_DROIT.mp4,274,42,person,0.74,377.67517,660.77026
CAMERA_DEBUT_COULOIR_DROIT.mp4,274,43,person,0.81,418.05493,658.79474
CAMERA_DEBUT_COULOIR_DROIT.mp4,274,76,person,0.5,342.45493,641.4103
CAMERA_DEBUT_COULOIR_DROIT.mp4,274,30,person,0.37,347.58374,640.51404
CAMERA_DEBUT_COULOIR_DROIT.mp4,275,42,person,0.74,377.4692,660.9474
CAMERA_DEBUT_COULOIR_DROIT.mp4,275,43,person,0.8,417.53326,657.76355
CAMERA_DEBUT_COULOIR_DROIT.mp4,275,76,person,0.48,342.42615,641.2497
CAMERA_DEBUT_COULOIR_DROIT.mp4,275,30,person,0.35,347.20197,640.10156
CAMERA_DEBUT_COULOIR_DROIT.mp4,276,42,person,0.77,377.0324,660.7664
CAMERA_DEBUT_COULOIR_DROIT.mp4,276,43,person,0.8,417.1742,656.6563
CAMERA_DEBUT_COULOIR_DROIT.mp4,276,76,person,0.49,342.57104,641.4006
CAMERA_DEBUT_COULOIR_DROIT.mp4,276,30,person,0.35,346.6439,640.07434
CAMERA_DEBUT_COULOIR_DROIT.mp4,277,42,person,0.78,376.68164,660.5333
CAMERA_DEBUT_COULOIR_DROIT.mp4,277,43,person,0.8,416.99402,656.87634
CAMERA_DEBUT_COULOIR_DROIT.mp4,277,76,person,0.49,342.6543,641.541
CAMERA_DEBUT_COULOIR_DROIT.mp4,277,30,person,0.37,346.4007,640.0
CAMERA_DEBUT_COULOIR_DROIT.mp4,278,42,person,0.79,376.45816,660.44995
CAMERA_DEBUT_COULOIR_DROIT.mp4,278,43,person,0.8,416.94016,657.1705
CAMERA_DEBUT_COULOIR_DROIT.mp4,278,76,person,0.47,342.77228,641.63855
CAMERA_DEBUT_COULOIR_DROIT.mp4,278,30,person,0.36,346.61856,640.07245
CAMERA_DEBUT_COULOIR_DROIT.mp4,279,42,person,0.79,376.32922,660.3048
CAMERA_DEBUT_COULOIR_DROIT.mp4,279,43,person,0.8,417.16556,658.8899
CAMERA_DEBUT_COULOIR_DROIT.mp4,279,76,person,0.45,342.81207,641.70374
CAMERA_DEBUT_COULOIR_DROIT.mp4,279,30,person,0.36,346.93292,640.1686
CAMERA_DEBUT_COULOIR_DROIT.mp4,280,42,person,0.75,375.6949,660.22864
CAMERA_DEBUT_COULOIR_DROIT.mp4,280,43,person,0.79,417.07892,660.79614
CAMERA_DEBUT_COULOIR_DROIT.mp4,280,76,person,0.43,342.89325,641.8064
CAMERA_DEBUT_COULOIR_DROIT.mp4,280,30,person,0.38,346.7962,640.2146
CAMERA_DEBUT_COULOIR_DROIT.mp4,281,42,person,0.75,375.08917,660.14795
CAMERA_DEBUT_COULOIR_DROIT.mp4,281,43,person,0.8,416.9839,661.7478
CAMERA_DEBUT_COULOIR_DROIT.mp4,281,76,person,0.41,343.01895,641.3368
CAMERA_DEBUT_COULOIR_DROIT.mp4,281,30,person,0.32,346.6801,639.79736
CAMERA_DEBUT_COULOIR_DROIT.mp4,282,42,person,0.77,374.4566,660.2615
CAMERA_DEBUT_COULOIR_DROIT.mp4,282,43,person,0.79,416.80997,661.219
CAMERA_DEBUT_COULOIR_DROIT.mp4,282,76,person,0.46,342.92957,641.443
CAMERA_DEBUT_COULOIR_DROIT.mp4,283,42,person,0.78,374.14444,660.2779
CAMERA_DEBUT_COULOIR_DROIT.mp4,283,43,person,0.79,416.36005,659.31476
CAMERA_DEBUT_COULOIR_DROIT.mp4,283,76,person,0.44,343.06494,641.7086
CAMERA_DEBUT_COULOIR_DROIT.mp4,284,42,person,0.78,373.90735,660.1481
CAMERA_DEBUT_COULOIR_DROIT.mp4,284,43,person,0.79,415.50848,657.1287
CAMERA_DEBUT_COULOIR_DROIT.mp4,284,30,person,0.48,345.27142,640.8631
CAMERA_DEBUT_COULOIR_DROIT.mp4,285,42,person,0.76,372.9972,659.65967
CAMERA_DEBUT_COULOIR_DROIT.mp4,285,43,person,0.77,414.49158,655.317
CAMERA_DEBUT_COULOIR_DROIT.mp4,285,30,person,0.48,344.93726,640.9345
CAMERA_DEBUT_COULOIR_DROIT.mp4,286,42,person,0.75,372.4901,659.1736
CAMERA_DEBUT_COULOIR_DROIT.mp4,286,43,person,0.76,414.45758,654.2062
CAMERA_DEBUT_COULOIR_DROIT.mp4,286,30,person,0.5,344.83252,641.1277
CAMERA_DEBUT_COULOIR_DROIT.mp4,287,42,person,0.76,372.37225,658.81506
CAMERA_DEBUT_COULOIR_DROIT.mp4,287,43,person,0.75,415.1505,653.37744
CAMERA_DEBUT_COULOIR_DROIT.mp4,287,30,person,0.52,345.0835,641.0752
CAMERA_DEBUT_COULOIR_DROIT.mp4,288,42,person,0.75,372.35602,658.75146
CAMERA_DEBUT_COULOIR_DROIT.mp4,288,43,person,0.74,415.33295,653.92236
CAMERA_DEBUT_COULOIR_DROIT.mp4,288,30,person,0.5,345.20062,641.0372
CAMERA_DEBUT_COULOIR_DROIT.mp4,289,42,person,0.76,371.91986,658.97974
CAMERA_DEBUT_COULOIR_DROIT.mp4,289,43,person,0.72,415.57965,654.6356
CAMERA_DEBUT_COULOIR_DROIT.mp4,289,30,person,0.5,344.83112,641.25903
CAMERA_DEBUT_COULOIR_DROIT.mp4,290,42,person,0.75,371.55032,659.18774
CAMERA_DEBUT_COULOIR_DROIT.mp4,290,43,person,0.72,416.16406,655.75256
CAMERA_DEBUT_COULOIR_DROIT.mp4,290,30,person,0.52,344.5365,641.4323
CAMERA_DEBUT_COULOIR_DROIT.mp4,291,42,person,0.74,370.98633,658.93115
CAMERA_DEBUT_COULOIR_DROIT.mp4,291,43,person,0.7,416.08838,656.6387
CAMERA_DEBUT_COULOIR_DROIT.mp4,291,30,person,0.5,344.1986,641.3976
CAMERA_DEBUT_COULOIR_DROIT.mp4,292,42,person,0.73,370.46942,658.75464
CAMERA_DEBUT_COULOIR_DROIT.mp4,292,43,person,0.69,416.03326,657.4707
CAMERA_DEBUT_COULOIR_DROIT.mp4,292,30,person,0.45,344.11774,641.2074
CAMERA_DEBUT_COULOIR_DROIT.mp4,293,42,person,0.72,370.1386,657.9109
CAMERA_DEBUT_COULOIR_DROIT.mp4,293,43,person,0.68,416.1781,657.6947
CAMERA_DEBUT_COULOIR_DROIT.mp4,293,30,person,0.41,344.28177,641.3173
CAMERA_DEBUT_COULOIR_DROIT.mp4,294,42,person,0.7,369.8335,657.8844
CAMERA_DEBUT_COULOIR_DROIT.mp4,294,43,person,0.7,415.06708,657.6916
CAMERA_DEBUT_COULOIR_DROIT.mp4,294,30,person,0.42,344.23544,641.12134
CAMERA_DEBUT_COULOIR_DROIT.mp4,295,42,person,0.71,369.5938,657.55975
CAMERA_DEBUT_COULOIR_DROIT.mp4,295,43,person,0.67,413.74414,656.6798
CAMERA_DEBUT_COULOIR_DROIT.mp4,295,30,person,0.45,344.1978,641.3777
CAMERA_DEBUT_COULOIR_DROIT.mp4,296,42,person,0.7,369.45685,657.3657
CAMERA_DEBUT_COULOIR_DROIT.mp4,296,43,person,0.69,413.2143,656.4695
CAMERA_DEBUT_COULOIR_DROIT.mp4,296,30,person,0.5,344.1663,641.7317
CAMERA_DEBUT_COULOIR_DROIT.mp4,297,42,person,0.69,369.7685,656.9181
CAMERA_DEBUT_COULOIR_DROIT.mp4,297,43,person,0.66,412.78207,655.76984
CAMERA_DEBUT_COULOIR_DROIT.mp4,297,30,person,0.48,344.19537,642.1354
CAMERA_DEBUT_COULOIR_DROIT.mp4,298,42,person,0.68,369.69293,657.4054
CAMERA_DEBUT_COULOIR_DROIT.mp4,298,43,person,0.66,412.47452,655.57697
CAMERA_DEBUT_COULOIR_DROIT.mp4,298,30,person,0.39,344.14645,642.2189
CAMERA_DEBUT_COULOIR_DROIT.mp4,299,42,person,0.69,369.3899,657.1228
CAMERA_DEBUT_COULOIR_DROIT.mp4,299,43,person,0.64,411.87683,655.58014
CAMERA_DEBUT_COULOIR_DROIT.mp4,299,30,person,0.41,344.2183,642.088
CAMERA_DEBUT_COULOIR_DROIT.mp4,300,42,person,0.67,369.60608,657.095
CAMERA_DEBUT_COULOIR_DROIT.mp4,300,43,person,0.63,412.81946,655.9686
CAMERA_DEBUT_COULOIR_DROIT.mp4,300,30,person,0.38,344.29462,642.0804
CAMERA_DEBUT_COULOIR_DROIT.mp4,301,42,person,0.65,369.73193,656.3403
CAMERA_DEBUT_COULOIR_DROIT.mp4,301,43,person,0.65,410.4635,656.04663
CAMERA_DEBUT_COULOIR_DROIT.mp4,301,30,person,0.43,344.69196,641.8467
CAMERA_DEBUT_COULOIR_DROIT.mp4,302,42,person,0.62,369.39923,656.4868
CAMERA_DEBUT_COULOIR_DROIT.mp4,302,43,person,0.67,409.54004,656.18286
CAMERA_DEBUT_COULOIR_DROIT.mp4,302,30,person,0.4,343.43265,641.62665
CAMERA_DEBUT_COULOIR_DROIT.mp4,303,42,person,0.59,369.10474,657.47485
CAMERA_DEBUT_COULOIR_DROIT.mp4,303,43,person,0.72,409.12555,655.8552
CAMERA_DEBUT_COULOIR_DROIT.mp4,303,30,person,0.37,342.77527,641.2466
CAMERA_DEBUT_COULOIR_DROIT.mp4,304,42,person,0.57,368.99835,657.5323
CAMERA_DEBUT_COULOIR_DROIT.mp4,304,43,person,0.73,408.73102,655.4197
CAMERA_DEBUT_COULOIR_DROIT.mp4,304,30,person,0.35,342.3216,641.0913
CAMERA_DEBUT_COULOIR_DROIT.mp4,304,82,person,0.42,369.50464,648.2522
CAMERA_DEBUT_COULOIR_DROIT.mp4,305,42,person,0.59,369.1632,658.24426
CAMERA_DEBUT_COULOIR_DROIT.mp4,305,43,person,0.72,408.6298,655.0442
CAMERA_DEBUT_COULOIR_DROIT.mp4,305,30,person,0.38,344.18988,641.0256
CAMERA_DEBUT_COULOIR_DROIT.mp4,305,82,person,0.33,372.33026,646.09076
CAMERA_DEBUT_COULOIR_DROIT.mp4,306,42,person,0.55,368.81708,658.748
CAMERA_DEBUT_COULOIR_DROIT.mp4,306,43,person,0.73,408.42514,654.48206
CAMERA_DEBUT_COULOIR_DROIT.mp4,306,30,person,0.45,343.4771,641.954
CAMERA_DEBUT_COULOIR_DROIT.mp4,306,82,person,0.29,374.38843,646.12573
CAMERA_DEBUT_COULOIR_DROIT.mp4,307,42,person,0.55,368.80753,658.9203
CAMERA_DEBUT_COULOIR_DROIT.mp4,307,43,person,0.74,408.3458,654.3611
CAMERA_DEBUT_COULOIR_DROIT.mp4,307,30,person,0.45,343.29916,642.3258
CAMERA_DEBUT_COULOIR_DROIT.mp4,307,82,person,0.3,374.8622,646.5329
CAMERA_DEBUT_COULOIR_DROIT.mp4,307,84,person,0.36,370.16458,650.9972
CAMERA_DEBUT_COULOIR_DROIT.mp4,308,42,person,0.54,368.76447,659.49915
CAMERA_DEBUT_COULOIR_DROIT.mp4,308,43,person,0.75,407.94998,654.7643
CAMERA_DEBUT_COULOIR_DROIT.mp4,308,30,person,0.45,343.23624,642.54895
CAMERA_DEBUT_COULOIR_DROIT.mp4,308,82,person,0.27,375.11838,647.72314
CAMERA_DEBUT_COULOIR_DROIT.mp4,308,84,person,0.35,370.1924,651.3407
CAMERA_DEBUT_COULOIR_DROIT.mp4,309,42,person,0.5,368.721,659.28076
CAMERA_DEBUT_COULOIR_DROIT.mp4,309,43,person,0.76,407.31238,655.4271
CAMERA_DEBUT_COULOIR_DROIT.mp4,309,30,person,0.42,343.13574,642.3545
CAMERA_DEBUT_COULOIR_DROIT.mp4,309,84,person,0.32,370.26663,650.45087
CAMERA_DEBUT_COULOIR_DROIT.mp4,310,42,person,0.52,368.62222,659.0344
CAMERA_DEBUT_COULOIR_DROIT.mp4,310,43,person,0.77,406.9546,655.80774
CAMERA_DEBUT_COULOIR_DROIT.mp4,310,30,person,0.43,342.9447,642.7268
CAMERA_DEBUT_COULOIR_DROIT.mp4,310,84,person,0.33,370.1055,651.58374
CAMERA_DEBUT_COULOIR_DROIT.mp4,311,42,person,0.54,368.66888,659.5215
CAMERA_DEBUT_COULOIR_DROIT.mp4,311,43,person,0.74,406.48932,656.2793
CAMERA_DEBUT_COULOIR_DROIT.mp4,311,30,person,0.38,342.66788,642.7919
CAMERA_DEBUT_COULOIR_DROIT.mp4,311,84,person,0.3,369.53973,652.7866
CAMERA_DEBUT_COULOIR_DROIT.mp4,312,42,person,0.59,368.50775,660.2295
CAMERA_DEBUT_COULOIR_DROIT.mp4,312,43,person,0.72,406.30035,656.9776
CAMERA_DEBUT_COULOIR_DROIT.mp4,312,30,person,0.4,342.63312,643.09155
CAMERA_DEBUT_COULOIR_DROIT.mp4,313,42,person,0.59,368.4159,660.3959
CAMERA_DEBUT_COULOIR_DROIT.mp4,313,43,person,0.7,406.18805,657.46027
CAMERA_DEBUT_COULOIR_DROIT.mp4,313,30,person,0.38,342.6197,643.19934
CAMERA_DEBUT_COULOIR_DROIT.mp4,314,42,person,0.58,368.19812,660.0314
CAMERA_DEBUT_COULOIR_DROIT.mp4,314,43,person,0.71,406.00653,657.4356
CAMERA_DEBUT_COULOIR_DROIT.mp4,314,30,person,0.35,342.6053,643.147
CAMERA_DEBUT_COULOIR_DROIT.mp4,315,42,person,0.52,367.83337,659.73535
CAMERA_DEBUT_COULOIR_DROIT.mp4,315,43,person,0.67,405.64328,657.52637
CAMERA_DEBUT_COULOIR_DROIT.mp4,315,30,person,0.35,342.57983,643.11316
CAMERA_DEBUT_COULOIR_DROIT.mp4,315,84,person,0.29,369.8661,653.5412
CAMERA_DEBUT_COULOIR_DROIT.mp4,316,42,person,0.5,368.72803,657.97644
CAMERA_DEBUT_COULOIR_DROIT.mp4,316,43,person,0.67,405.56387,657.21545
CAMERA_DEBUT_COULOIR_DROIT.mp4,316,30,person,0.36,342.5694,643.30383
CAMERA_DEBUT_COULOIR_DROIT.mp4,317,42,person,0.53,369.3332,657.5431
CAMERA_DEBUT_COULOIR_DROIT.mp4,317,43,person,0.72,405.40027,656.39026
CAMERA_DEBUT_COULOIR_DROIT.mp4,317,30,person,0.33,342.4073,642.766
CAMERA_DEBUT_COULOIR_DROIT.mp4,318,42,person,0.53,369.68518,656.9834
CAMERA_DEBUT_COULOIR_DROIT.mp4,318,43,person,0.71,405.35706,655.6007
CAMERA_DEBUT_COULOIR_DROIT.mp4,318,30,person,0.27,342.237,642.3716
CAMERA_DEBUT_COULOIR_DROIT.mp4,319,42,person,0.52,369.94922,656.4551
CAMERA_DEBUT_COULOIR_DROIT.mp4,319,43,person,0.7,404.77737,654.3568
CAMERA_DEBUT_COULOIR_DROIT.mp4,319,30,person,0.3,342.2105,642.231
CAMERA_DEBUT_COULOIR_DROIT.mp4,320,42,person,0.5,367.45956,658.16986
CAMERA_DEBUT_COULOIR_DROIT.mp4,320,43,person,0.66,403.69614,652.9921
CAMERA_DEBUT_COULOIR_DROIT.mp4,320,84,person,0.27,369.79987,651.53827
CAMERA_DEBUT_COULOIR_DROIT.mp4,321,42,person,0.52,366.077,658.4851
CAMERA_DEBUT_COULOIR_DROIT.mp4,321,43,person,0.64,402.14496,652.8673
CAMERA_DEBUT_COULOIR_DROIT.mp4,321,84,person,0.27,369.34717,651.03516
CAMERA_DEBUT_COULOIR_DROIT.mp4,321,30,person,0.28,342.29877,641.85474
CAMERA_DEBUT_COULOIR_DROIT.mp4,322,42,person,0.55,365.30316,658.68005
CAMERA_DEBUT_COULOIR_DROIT.mp4,322,43,person,0.63,401.19043,652.83093
CAMERA_DEBUT_COULOIR_DROIT.mp4,322,84,person,0.25,368.45813,651.68774
CAMERA_DEBUT_COULOIR_DROIT.mp4,322,30,person,0.3,342.39255,641.8345
CAMERA_DEBUT_COULOIR_DROIT.mp4,323,42,person,0.58,364.60785,658.6692
CAMERA_DEBUT_COULOIR_DROIT.mp4,323,43,person,0.63,400.44592,653.62524
CAMERA_DEBUT_COULOIR_DROIT.mp4,323,30,person,0.32,342.33398,642.1295
CAMERA_DEBUT_COULOIR_DROIT.mp4,324,42,person,0.57,364.6423,658.1287
CAMERA_DEBUT_COULOIR_DROIT.mp4,324,43,person,0.64,399.9932,654.7838
CAMERA_DEBUT_COULOIR_DROIT.mp4,324,30,person,0.32,342.24982,642.1449
CAMERA_DEBUT_COULOIR_DROIT.mp4,325,42,person,0.58,365.1977,658.3751
CAMERA_DEBUT_COULOIR_DROIT.mp4,325,43,person,0.62,399.31537,654.99915
CAMERA_DEBUT_COULOIR_DROIT.mp4,325,30,person,0.31,342.278,642.03864
CAMERA_DEBUT_COULOIR_DROIT.mp4,326,42,person,0.61,365.81128,657.9668
CAMERA_DEBUT_COULOIR_DROIT.mp4,326,43,person,0.61,399.25043,655.2366
CAMERA_DEBUT_COULOIR_DROIT.mp4,326,30,person,0.34,342.43658,641.8525
CAMERA_DEBUT_COULOIR_DROIT.mp4,327,42,person,0.6,366.58093,658.6697
CAMERA_DEBUT_COULOIR_DROIT.mp4,327,43,person,0.59,399.04108,655.04175
CAMERA_DEBUT_COULOIR_DROIT.mp4,327,30,person,0.3,342.54535,641.62946
CAMERA_DEBUT_COULOIR_DROIT.mp4,328,42,person,0.61,367.04016,658.8638
CAMERA_DEBUT_COULOIR_DROIT.mp4,328,43,person,0.56,399.17905,654.25134
CAMERA_DEBUT_COULOIR_DROIT.mp4,328,30,person,0.3,342.6656,641.3639
CAMERA_DEBUT_COULOIR_DROIT.mp4,329,42,person,0.62,367.04614,658.61743
CAMERA_DEBUT_COULOIR_DROIT.mp4,329,43,person,0.57,399.07452,654.29926
CAMERA_DEBUT_COULOIR_DROIT.mp4,329,30,person,0.32,342.39148,640.8965
CAMERA_DEBUT_COULOIR_DROIT.mp4,330,42,person,0.65,367.09454,657.9929
CAMERA_DEBUT_COULOIR_DROIT.mp4,330,43,person,0.55,398.6114,655.7796
CAMERA_DEBUT_COULOIR_DROIT.mp4,330,30,person,0.35,342.3271,640.73914
CAMERA_DEBUT_COULOIR_DROIT.mp4,330,90,person,0.46,94.60715,961.261
CAMERA_DEBUT_COULOIR_DROIT.mp4,331,42,person,0.63,367.58484,657.2649
CAMERA_DEBUT_COULOIR_DROIT.mp4,331,43,person,0.64,398.29376,653.78735
CAMERA_DEBUT_COULOIR_DROIT.mp4,331,30,person,0.33,342.26932,640.44446
CAMERA_DEBUT_COULOIR_DROIT.mp4,331,90,person,0.52,99.25738,1004.51105
CAMERA_DEBUT_COULOIR_DROIT.mp4,332,42,person,0.62,368.05127,656.43994
CAMERA_DEBUT_COULOIR_DROIT.mp4,332,43,person,0.63,398.08337,653.32544
CAMERA_DEBUT_COULOIR_DROIT.mp4,332,30,person,0.3,342.1424,640.428
CAMERA_DEBUT_COULOIR_DROIT.mp4,332,90,person,0.46,106.766075,1015.37427
CAMERA_DEBUT_COULOIR_DROIT.mp4,333,42,person,0.62,368.60434,656.50354
CAMERA_DEBUT_COULOIR_DROIT.mp4,333,43,person,0.63,397.94873,653.2242
CAMERA_DEBUT_COULOIR_DROIT.mp4,333,30,person,0.32,342.05722,640.6354
CAMERA_DEBUT_COULOIR_DROIT.mp4,333,90,person,0.46,114.971146,1011.1797
CAMERA_DEBUT_COULOIR_DROIT.mp4,334,42,person,0.55,368.93146,656.5769
CAMERA_DEBUT_COULOIR_DROIT.mp4,334,43,person,0.63,397.59454,652.6106
CAMERA_DEBUT_COULOIR_DROIT.mp4,334,30,person,0.32,342.0768,640.87067
CAMERA_DEBUT_COULOIR_DROIT.mp4,334,90,person,0.35,123.96759,998.38916
CAMERA_DEBUT_COULOIR_DROIT.mp4,335,42,person,0.55,369.1176,654.1843
CAMERA_DEBUT_COULOIR_DROIT.mp4,335,43,person,0.63,397.52045,652.02057
CAMERA_DEBUT_COULOIR_DROIT.mp4,335,30,person,0.37,342.05386,641.0338
CAMERA_DEBUT_COULOIR_DROIT.mp4,335,90,person,0.76,128.43178,918.7749
CAMERA_DEBUT_COULOIR_DROIT.mp4,336,42,person,0.59,369.2754,654.5657
CAMERA_DEBUT_COULOIR_DROIT.mp4,336,43,person,0.65,397.48138,651.9745
CAMERA_DEBUT_COULOIR_DROIT.mp4,336,30,person,0.42,342.00867,641.32007
CAMERA_DEBUT_COULOIR_DROIT.mp4,336,90,person,0.78,136.73145,890.92566
CAMERA_DEBUT_COULOIR_DROIT.mp4,337,42,person,0.63,369.34088,653.9584
CAMERA_DEBUT_COULOIR_DROIT.mp4,337,43,person,0.61,396.67737,652.21387
CAMERA_DEBUT_COULOIR_DROIT.mp4,337,30,person,0.44,342.1093,641.72833
CAMERA_DEBUT_COULOIR_DROIT.mp4,337,90,person,0.72,143.83601,872.50775
CAMERA_DEBUT_COULOIR_DROIT.mp4,337,92,person,0.38,277.4149,891.7106
CAMERA_DEBUT_COULOIR_DROIT.mp4,338,42,person,0.68,369.3501,653.2842
CAMERA_DEBUT_COULOIR_DROIT.mp4,338,43,person,0.6,396.38617,652.90955
CAMERA_DEBUT_COULOIR_DROIT.mp4,338,30,person,0.44,342.4354,641.8921
CAMERA_DEBUT_COULOIR_DROIT.mp4,338,90,person,0.73,153.00587,853.3766
CAMERA_DEBUT_COULOIR_DROIT.mp4,339,42,person,0.65,369.3212,653.3916
CAMERA_DEBUT_COULOIR_DROIT.mp4,339,43,person,0.63,396.33398,652.8995
CAMERA_DEBUT_COULOIR_DROIT.mp4,339,30,person,0.44,342.52985,642.3655
CAMERA_DEBUT_COULOIR_DROIT.mp4,339,90,person,0.73,162.04117,840.12213
CAMERA_DEBUT_COULOIR_DROIT.mp4,340,42,person,0.67,369.4042,653.86456
CAMERA_DEBUT_COULOIR_DROIT.mp4,340,43,person,0.65,396.06714,653.63666
CAMERA_DEBUT_COULOIR_DROIT.mp4,340,30,person,0.43,342.65076,642.62415
CAMERA_DEBUT_COULOIR_DROIT.mp4,340,90,person,0.81,168.81552,827.2678
CAMERA_DEBUT_COULOIR_DROIT.mp4,341,42,person,0.67,369.57425,654.6556
CAMERA_DEBUT_COULOIR_DROIT.mp4,341,43,person,0.6,395.9308,654.5006
CAMERA_DEBUT_COULOIR_DROIT.mp4,341,30,person,0.38,342.55066,642.4397
CAMERA_DEBUT_COULOIR_DROIT.mp4,341,90,person,0.75,174.90831,840.9305
CAMERA_DEBUT_COULOIR_DROIT.mp4,342,42,person,0.68,369.8687,654.6626
CAMERA_DEBUT_COULOIR_DROIT.mp4,342,43,person,0.54,395.3022,655.45496
CAMERA_DEBUT_COULOIR_DROIT.mp4,342,30,person,0.36,343.80524,642.1476
CAMERA_DEBUT_COULOIR_DROIT.mp4,342,90,person,0.87,180.6419,828.36285
CAMERA_DEBUT_COULOIR_DROIT.mp4,343,42,person,0.61,369.8603,653.0171
CAMERA_DEBUT_COULOIR_DROIT.mp4,343,43,person,0.53,394.34558,655.8882
CAMERA_DEBUT_COULOIR_DROIT.mp4,343,30,person,0.35,344.2774,641.9087
CAMERA_DEBUT_COULOIR_DROIT.mp4,343,90,person,0.64,184.60953,862.5167
CAMERA_DEBUT_COULOIR_DROIT.mp4,343,92,person,0.55,279.45236,885.293
CAMERA_DEBUT_COULOIR_DROIT.mp4,344,42,person,0.58,369.83133,649.9181
CAMERA_DEBUT_COULOIR_DROIT.mp4,344,43,person,0.6,393.79675,656.01575
CAMERA_DEBUT_COULOIR_DROIT.mp4,344,30,person,0.4,343.78226,640.39453
CAMERA_DEBUT_COULOIR_DROIT.mp4,344,90,person,0.79,191.29308,838.0846
CAMERA_DEBUT_COULOIR_DROIT.mp4,345,42,person,0.55,369.83307,649.23096
CAMERA_DEBUT_COULOIR_DROIT.mp4,345,43,person,0.59,393.3723,654.9563
CAMERA_DEBUT_COULOIR_DROIT.mp4,345,30,person,0.39,343.48776,640.29553
CAMERA_DEBUT_COULOIR_DROIT.mp4,345,90,person,0.75,198.32043,854.7361
CAMERA_DEBUT_COULOIR_DROIT.mp4,346,42,person,0.54,369.265,647.7513
CAMERA_DEBUT_COULOIR_DROIT.mp4,346,43,person,0.6,392.7511,654.30273
CAMERA_DEBUT_COULOIR_DROIT.mp4,346,30,person,0.4,343.47125,641.00745
CAMERA_DEBUT_COULOIR_DROIT.mp4,346,90,person,0.75,199.5065,863.7377
CAMERA_DEBUT_COULOIR_DROIT.mp4,347,42,person,0.51,369.0326,646.33405
CAMERA_DEBUT_COULOIR_DROIT.mp4,347,43,person,0.59,392.10754,653.2549
CAMERA_DEBUT_COULOIR_DROIT.mp4,347,30,person,0.39,343.47775,640.93445
CAMERA_DEBUT_COULOIR_DROIT.mp4,347,90,person,0.72,201.57895,856.6507
CAMERA_DEBUT_COULOIR_DROIT.mp4,348,42,person,0.46,369.09833,645.5713
CAMERA_DEBUT_COULOIR_DROIT.mp4,348,43,person,0.59,392.32422,652.5884
CAMERA_DEBUT_COULOIR_DROIT.mp4,348,30,person,0.33,343.2845,641.089
CAMERA_DEBUT_COULOIR_DROIT.mp4,348,90,person,0.8,207.79755,841.5048
CAMERA_DEBUT_COULOIR_DROIT.mp4,349,42,person,0.45,369.22015,644.9973
CAMERA_DEBUT_COULOIR_DROIT.mp4,349,43,person,0.59,391.96014,651.923
CAMERA_DEBUT_COULOIR_DROIT.mp4,349,30,person,0.32,343.2316,640.9557
CAMERA_DEBUT_COULOIR_DROIT.mp4,349,90,person,0.81,216.32744,830.3228
CAMERA_DEBUT_COULOIR_DROIT.mp4,350,42,person,0.42,369.64172,646.8838
CAMERA_DEBUT_COULOIR_DROIT.mp4,350,43,person,0.56,392.10306,651.4895
CAMERA_DEBUT_COULOIR_DROIT.mp4,350,30,person,0.32,343.21042,640.4553
CAMERA_DEBUT_COULOIR_DROIT.mp4,350,90,person,0.87,223.68802,823.8163
CAMERA_DEBUT_COULOIR_DROIT.mp4,350,97,person,0.36,379.6939,653.79395
CAMERA_DEBUT_COULOIR_DROIT.mp4,351,42,person,0.43,369.66663,645.2945
CAMERA_DEBUT_COULOIR_DROIT.mp4,351,43,person,0.52,390.33368,652.3678
CAMERA_DEBUT_COULOIR_DROIT.mp4,351,30,person,0.35,343.3133,640.62134
CAMERA_DEBUT_COULOIR_DROIT.mp4,351,90,person,0.85,230.53268,827.6367
CAMERA_DEBUT_COULOIR_DROIT.mp4,351,97,person,0.29,381.161,655.4227
CAMERA_DEBUT_COULOIR_DROIT.mp4,352,42,person,0.3,369.2503,644.7815
CAMERA_DEBUT_COULOIR_DROIT.mp4,352,43,person,0.55,388.7629,653.46326
CAMERA_DEBUT_COULOIR_DROIT.mp4,352,30,person,0.32,343.31616,640.415
CAMERA_DEBUT_COULOIR_DROIT.mp4,352,90,person,0.85,234.29596,831.60754
CAMERA_DEBUT_COULOIR_DROIT.mp4,353,42,person,0.29,369.17395,646.4636
CAMERA_DEBUT_COULOIR_DROIT.mp4,353,43,person,0.54,387.25754,653.9485
CAMERA_DEBUT_COULOIR_DROIT.mp4,353,30,person,0.33,343.31842,640.4888
CAMERA_DEBUT_COULOIR_DROIT.mp4,353,90,person,0.83,236.4136,834.18225
CAMERA_DEBUT_COULOIR_DROIT.mp4,354,30,person,0.34,343.09167,640.6034
CAMERA_DEBUT_COULOIR_DROIT.mp4,354,90,person,0.81,231.08994,846.2439
CAMERA_DEBUT_COULOIR_DROIT.mp4,354,84,person,0.36,372.32312,653.4586
CAMERA_DEBUT_COULOIR_DROIT.mp4,354,97,person,0.6,383.0202,653.8114
CAMERA_DEBUT_COULOIR_DROIT.mp4,355,30,person,0.37,342.74933,640.49854
CAMERA_DEBUT_COULOIR_DROIT.mp4,355,90,person,0.8,226.60733,845.6665
CAMERA_DEBUT_COULOIR_DROIT.mp4,355,84,person,0.39,372.75858,653.03906
CAMERA_DEBUT_COULOIR_DROIT.mp4,355,97,person,0.59,383.0658,652.82336
CAMERA_DEBUT_COULOIR_DROIT.mp4,356,30,person,0.33,344.14532,640.8971
CAMERA_DEBUT_COULOIR_DROIT.mp4,356,90,person,0.83,230.24132,846.6265
CAMERA_DEBUT_COULOIR_DROIT.mp4,356,84,person,0.42,374.4401,652.3075
CAMERA_DEBUT_COULOIR_DROIT.mp4,356,97,person,0.63,382.8095,651.56226
CAMERA_DEBUT_COULOIR_DROIT.mp4,357,30,person,0.34,343.34204,640.4302
CAMERA_DEBUT_COULOIR_DROIT.mp4,357,90,person,0.8,227.66681,846.27466
CAMERA_DEBUT_COULOIR_DROIT.mp4,357,97,person,0.66,381.5321,651.21875
CAMERA_DEBUT_COULOIR_DROIT.mp4,358,30,person,0.38,342.2241,641.42126
CAMERA_DEBUT_COULOIR_DROIT.mp4,358,90,person,0.85,222.19829,846.3557
CAMERA_DEBUT_COULOIR_DROIT.mp4,358,97,person,0.67,380.52106,651.32776
CAMERA_DEBUT_COULOIR_DROIT.mp4,359,30,person,0.44,343.00983,640.5399
CAMERA_DEBUT_COULOIR_DROIT.mp4,359,90,person,0.83,221.56999,846.94604
CAMERA_DEBUT_COULOIR_DROIT.mp4,359,97,person,0.7,379.976,651.03186
CAMERA_DEBUT_COULOIR_DROIT.mp4,360,30,person,0.46,343.6317,640.09894
CAMERA_DEBUT_COULOIR_DROIT.mp4,360,90,person,0.84,229.27028,848.2589
CAMERA_DEBUT_COULOIR_DROIT.mp4,360,97,person,0.73,379.7084,650.4133
CAMERA_DEBUT_COULOIR_DROIT.mp4,361,30,person,0.43,344.54828,640.03955
CAMERA_DEBUT_COULOIR_DROIT.mp4,361,90,person,0.78,249.0524,848.5544
CAMERA_DEBUT_COULOIR_DROIT.mp4,361,97,person,0.74,379.28543,649.8256
CAMERA_DEBUT_COULOIR_DROIT.mp4,362,30,person,0.39,345.1598,639.2439
CAMERA_DEBUT_COULOIR_DROIT.mp4,362,90,person,0.83,263.46478,844.56714
CAMERA_DEBUT_COULOIR_DROIT.mp4,362,97,person,0.73,379.08853,649.48364
CAMERA_DEBUT_COULOIR_DROIT.mp4,362,42,person,0.41,369.73682,650.59924
CAMERA_DEBUT_COULOIR_DROIT.mp4,363,30,person,0.36,345.55176,638.7622
CAMERA_DEBUT_COULOIR_DROIT.mp4,363,90,person,0.86,272.63644,842.3634
CAMERA_DEBUT_COULOIR_DROIT.mp4,363,97,person,0.7,378.91226,648.96765
CAMERA_DEBUT_COULOIR_DROIT.mp4,364,30,person,0.37,345.97293,638.07434
CAMERA_DEBUT_COULOIR_DROIT.mp4,364,90,person,0.85,277.94907,841.54785
CAMERA_DEBUT_COULOIR_DROIT.mp4,365,30,person,0.27,346.8495,637.31195
CAMERA_DEBUT_COULOIR_DROIT.mp4,365,90,person,0.83,281.4978,847.0487
CAMERA_DEBUT_COULOIR_DROIT.mp4,365,43,person,0.68,378.2888,651.1736
CAMERA_DEBUT_COULOIR_DROIT.mp4,366,90,person,0.9,284.75952,845.0959
CAMERA_DEBUT_COULOIR_DROIT.mp4,366,43,person,0.65,377.82077,651.1988
CAMERA_DEBUT_COULOIR_DROIT.mp4,367,90,person,0.9,290.13394,844.2451
CAMERA_DEBUT_COULOIR_DROIT.mp4,367,43,person,0.66,377.55988,651.3546
CAMERA_DEBUT_COULOIR_DROIT.mp4,368,90,person,0.92,295.88684,844.84656
CAMERA_DEBUT_COULOIR_DROIT.mp4,368,43,person,0.64,377.086,651.4934
CAMERA_DEBUT_COULOIR_DROIT.mp4,369,90,person,0.92,300.34174,847.0133
CAMERA_DEBUT_COULOIR_DROIT.mp4,369,43,person,0.62,376.54556,651.6771
CAMERA_DEBUT_COULOIR_DROIT.mp4,370,90,person,0.93,304.4771,848.4374
CAMERA_DEBUT_COULOIR_DROIT.mp4,370,43,person,0.6,376.64307,652.6908
CAMERA_DEBUT_COULOIR_DROIT.mp4,371,90,person,0.93,308.41943,849.9744
CAMERA_DEBUT_COULOIR_DROIT.mp4,371,43,person,0.6,376.46753,652.70667
CAMERA_DEBUT_COULOIR_DROIT.mp4,372,90,person,0.93,312.23428,851.89777
CAMERA_DEBUT_COULOIR_DROIT.mp4,372,43,person,0.6,375.97394,651.76794
CAMERA_DEBUT_COULOIR_DROIT.mp4,373,90,person,0.92,317.20752,850.69196
CAMERA_DEBUT_COULOIR_DROIT.mp4,373,43,person,0.62,375.52582,651.08966
CAMERA_DEBUT_COULOIR_DROIT.mp4,374,90,person,0.91,320.20425,852.1112
CAMERA_DEBUT_COULOIR_DROIT.mp4,374,43,person,0.62,375.71143,650.3551
CAMERA_DEBUT_COULOIR_DROIT.mp4,375,90,person,0.92,323.1924,853.787
CAMERA_DEBUT_COULOIR_DROIT.mp4,375,43,person,0.65,375.59723,649.40234
CAMERA_DEBUT_COULOIR_DROIT.mp4,376,90,person,0.92,322.86584,854.0359
CAMERA_DEBUT_COULOIR_DROIT.mp4,376,43,person,0.54,375.36304,647.4011
CAMERA_DEBUT_COULOIR_DROIT.mp4,377,90,person,0.91,321.82526,853.97974
CAMERA_DEBUT_COULOIR_DROIT.mp4,377,43,person,0.26,375.23468,645.43805
CAMERA_DEBUT_COULOIR_DROIT.mp4,378,90,person,0.9,319.59137,850.97363
CAMERA_DEBUT_COULOIR_DROIT.mp4,379,90,person,0.88,323.00677,845.253
CAMERA_DEBUT_COULOIR_DROIT.mp4,380,90,person,0.89,322.9887,839.4835
CAMERA_DEBUT_COULOIR_DROIT.mp4,381,90,person,0.9,325.43616,836.74426
CAMERA_DEBUT_COULOIR_DROIT.mp4,382,90,person,0.9,326.50204,835.5188
CAMERA_DEBUT_COULOIR_DROIT.mp4,383,90,person,0.9,326.10715,835.2566
CAMERA_DEBUT_COULOIR_DROIT.mp4,384,90,person,0.9,325.0662,835.67224
CAMERA_DEBUT_COULOIR_DROIT.mp4,385,90,person,0.9,324.44586,836.7633
CAMERA_DEBUT_COULOIR_DROIT.mp4,386,90,person,0.9,324.7186,838.84766
CAMERA_DEBUT_COULOIR_DROIT.mp4,387,90,person,0.9,323.3189,840.75366
CAMERA_DEBUT_COULOIR_DROIT.mp4,388,90,person,0.9,322.914,843.3435
CAMERA_DEBUT_COULOIR_DROIT.mp4,389,90,person,0.89,321.7624,845.2438
CAMERA_DEBUT_COULOIR_DROIT.mp4,390,90,person,0.89,320.4919,845.8081
CAMERA_DEBUT_COULOIR_DROIT.mp4,391,90,person,0.89,320.69205,845.8039
CAMERA_DEBUT_COULOIR_DROIT.mp4,392,90,person,0.88,320.37592,840.9279
CAMERA_DEBUT_COULOIR_DROIT.mp4,393,90,person,0.86,322.03497,835.1533
CAMERA_DEBUT_COULOIR_DROIT.mp4,394,90,person,0.87,323.39014,810.63196
CAMERA_DEBUT_COULOIR_DROIT.mp4,395,90,person,0.89,323.34467,799.9812
CAMERA_DEBUT_COULOIR_DROIT.mp4,396,90,person,0.88,322.61163,797.1588
CAMERA_DEBUT_COULOIR_DROIT.mp4,397,90,person,0.88,323.04608,794.6544
CAMERA_DEBUT_COULOIR_DROIT.mp4,398,90,person,0.88,323.92712,790.462
CAMERA_DEBUT_COULOIR_DROIT.mp4,399,90,person,0.88,325.73315,787.1728
CAMERA_DEBUT_COULOIR_DROIT.mp4,400,90,person,0.89,328.57742,786.31757
CAMERA_DEBUT_COULOIR_DROIT.mp4,401,90,person,0.89,329.0312,786.69244
CAMERA_DEBUT_COULOIR_DROIT.mp4,402,90,person,0.89,331.70172,786.9509
CAMERA_DEBUT_COULOIR_DROIT.mp4,403,90,person,0.89,334.64893,787.8634
CAMERA_DEBUT_COULOIR_DROIT.mp4,404,90,person,0.9,338.0549,789.2207
CAMERA_DEBUT_COULOIR_DROIT.mp4,405,90,person,0.9,341.088,790.8845
CAMERA_DEBUT_COULOIR_DROIT.mp4,406,90,person,0.9,343.1088,791.32654
CAMERA_DEBUT_COULOIR_DROIT.mp4,407,90,person,0.89,344.70453,791.542
CAMERA_DEBUT_COULOIR_DROIT.mp4,408,90,person,0.88,346.3661,790.4868
CAMERA_DEBUT_COULOIR_DROIT.mp4,409,90,person,0.87,347.09387,788.933
CAMERA_DEBUT_COULOIR_DROIT.mp4,410,90,person,0.85,347.7132,784.25116
CAMERA_DEBUT_COULOIR_DROIT.mp4,411,90,person,0.86,348.0,772.6958
CAMERA_DEBUT_COULOIR_DROIT.mp4,412,90,person,0.85,347.16638,766.5603
CAMERA_DEBUT_COULOIR_DROIT.mp4,413,90,person,0.86,347.5484,763.1653
CAMERA_DEBUT_COULOIR_DROIT.mp4,413,115,handbag,0.42,288.3722,758.0175
CAMERA_DEBUT_COULOIR_DROIT.mp4,414,90,person,0.87,347.74792,759.65796
CAMERA_DEBUT_COULOIR_DROIT.mp4,414,115,handbag,0.36,288.95123,758.9154
CAMERA_DEBUT_COULOIR_DROIT.mp4,415,90,person,0.87,347.05426,758.0145
CAMERA_DEBUT_COULOIR_DROIT.mp4,415,115,handbag,0.38,290.8275,758.36163
